id,start_fun,end_fun,time_fun,address,status,lambda,num_run
5,4.417951,13.091084,8.673133,NaN,True,2.0,1
1,2.733634,13.108736,10.375102,NaN,True,2.0,1
0,2.588523,13.124661,10.536138,NaN,True,2.0,1
4,3.838175,13.133572,9.295397,NaN,True,2.0,1
2,2.933652,13.127309,10.193657,NaN,True,2.0,1
3,3.292639,13.135224,9.842585,NaN,True,2.0,1
14,9.43376,17.588008,8.154248,NaN,True,2.0,1
12,8.10123,17.592225,9.490995,NaN,True,2.0,1
16,10.148337,17.476195,7.327858,NaN,True,2.0,1
13,8.670276,17.629323,8.959047,NaN,True,2.0,1
17,10.243381,17.647972,7.404591,NaN,True,2.0,1
15,9.615945,17.651047,8.035102,NaN,True,2.0,1
7,6.471246,17.654274,11.183028,NaN,True,2.0,1
9,7.758791,17.668157,9.909366,NaN,True,2.0,1
8,6.656703,17.638911,10.982208,NaN,True,2.0,1
10,7.940955,17.670323,9.729368,NaN,True,2.0,1
11,7.963902,17.686932,9.72303,NaN,True,2.0,1
22,11.897303,23.016681,11.119378,NaN,True,2.0,1
30,15.263535,23.031318,7.767783,NaN,True,2.0,1
20,10.716319,23.193525,12.477206,NaN,True,2.0,1
21,11.451505,23.197805,11.7463,NaN,True,2.0,1
29,15.146416,23.188326,8.04191,NaN,True,2.0,1
24,12.662066,23.199463,10.537397,NaN,True,2.0,1
28,15.115236,23.212452,8.097216,NaN,True,2.0,1
25,13.169736,23.211264,10.041528,NaN,True,2.0,1
18,10.361039,23.225151,12.864112,NaN,True,2.0,1
26,14.090028,23.219013,9.128985,NaN,True,2.0,1
19,10.66392,23.232153,12.568233,NaN,True,2.0,1
27,14.642463,23.233229,8.590766,NaN,True,2.0,1
23,12.12763,23.242796,11.115166,NaN,True,2.0,1
35,20.011133,27.429467,7.418334,NaN,True,2.0,1
32,16.288856,27.437247,11.148391,NaN,True,2.0,1
34,16.723448,27.653937,10.930489,NaN,True,2.0,1
31,16.271255,27.646884,11.375629,NaN,True,2.0,1
33,16.391074,27.66079,11.269716,NaN,True,2.0,1
38,22.915284,32.40958,9.494296,NaN,True,2.0,1
39,24.052538,32.417287,8.364749,NaN,True,2.0,1
37,21.108476,32.42736,11.318884,NaN,True,2.0,1
36,20.603824,32.662342,12.058518,NaN,True,2.0,1
43,26.656833,38.060703,11.40387,NaN,True,2.0,1
44,26.69117,38.066252,11.375082,NaN,True,2.0,1
42,26.135443,38.102104,11.966661,NaN,True,2.0,1
45,27.340559,38.214197,10.873638,NaN,True,2.0,1
41,26.006138,38.222625,12.216487,NaN,True,2.0,1
50,32.724514,42.46695,9.742436,NaN,True,2.0,1
56,34.648703,42.585729,7.937026,NaN,True,2.0,1
51,33.106339,42.59847,9.492131,NaN,True,2.0,1
53,33.951399,42.595822,8.644423,NaN,True,2.0,1
49,32.439625,42.617106,10.177481,NaN,True,2.0,1
55,34.410354,42.612339,8.201985,NaN,True,2.0,1
54,33.979857,42.615514,8.635657,NaN,True,2.0,1
52,33.375733,42.610751,9.235018,NaN,True,2.0,1
48,32.11719,42.63147,10.51428,NaN,True,2.0,1
46,30.861547,42.650692,11.789145,NaN,True,2.0,1
57,35.086439,42.63892,7.552481,NaN,True,2.0,1
59,35.682604,47.659978,11.977374,NaN,True,2.0,1
62,36.914942,47.6664,10.751458,NaN,True,2.0,1
61,36.474356,47.667474,11.193118,NaN,True,2.0,1
64,38.204713,47.673561,9.468848,NaN,True,2.0,1
65,38.789271,47.67456,8.885289,NaN,True,2.0,1
58,35.667269,47.67556,12.008291,NaN,True,2.0,1
60,36.247686,47.679562,11.431876,NaN,True,2.0,1
66,40.083333,47.677565,7.594232,NaN,True,2.0,1
63,36.920386,47.680562,10.760176,NaN,True,2.0,1
68,40.776345,52.525431,11.749086,NaN,True,2.0,1
69,40.870869,52.483725,11.612856,NaN,True,2.0,1
75,45.240641,52.48843,7.247789,NaN,True,2.0,1
74,44.097518,52.673713,8.576195,NaN,True,2.0,1
67,40.702974,52.672658,11.969684,NaN,True,2.0,1
73,44.065508,52.676359,8.610851,NaN,True,2.0,1
71,41.836188,52.681291,10.845103,NaN,True,2.0,1
70,41.674853,52.683972,11.009119,NaN,True,2.0,1
72,42.674368,52.690327,10.015959,NaN,True,2.0,1
79,46.676935,58.126203,11.449268,NaN,True,2.0,1
86,50.103881,58.161496,8.057615,NaN,True,2.0,1
80,46.757037,58.160337,11.4033,NaN,True,2.0,1
77,46.111477,58.167503,12.056026,NaN,True,2.0,1
88,50.214443,58.199502,7.985059,NaN,True,2.0,1
85,49.645604,58.205269,8.559665,NaN,True,2.0,1
76,45.88474,58.195534,12.310794,NaN,True,2.0,1
84,48.95836,58.211551,9.253191,NaN,True,2.0,1
81,47.113731,58.215978,11.102247,NaN,True,2.0,1
82,47.249862,58.231978,10.982116,NaN,True,2.0,1
96,54.052903,62.440769,8.387866,NaN,True,2.0,1
93,52.347999,62.667762,10.319763,NaN,True,2.0,1
91,51.669869,62.684818,11.014949,NaN,True,2.0,1
95,53.695917,62.686397,8.99048,NaN,True,2.0,1
92,51.994369,62.689571,10.695202,NaN,True,2.0,1
94,53.297623,62.700974,9.403351,NaN,True,2.0,1
90,51.141758,62.706798,11.56504,NaN,True,2.0,1
89,50.673577,62.708894,12.035317,NaN,True,2.0,1
109,59.667638,67.419582,7.751944,NaN,True,2.0,1
99,55.840235,67.452523,11.612288,NaN,True,2.0,1
100,56.214561,67.474668,11.260107,NaN,True,2.0,1
98,55.674165,67.470553,11.796388,NaN,True,2.0,1
107,58.680677,67.659574,8.978897,NaN,True,2.0,1
97,55.389662,67.668305,12.278643,NaN,True,2.0,1
104,57.211316,67.677585,10.466269,NaN,True,2.0,1
101,56.75205,67.6928,10.94075,NaN,True,2.0,1
102,56.839412,67.674867,10.835455,NaN,True,2.0,1
108,58.775689,67.691195,8.915506,NaN,True,2.0,1
106,58.155279,67.702414,9.547135,NaN,True,2.0,1
105,57.30868,67.705938,10.397258,NaN,True,2.0,1
113,62.294509,72.455216,10.160707,NaN,True,2.0,1
115,64.175461,72.461216,8.285755,NaN,True,2.0,1
116,64.662412,72.491214,7.828802,NaN,True,2.0,1
111,60.890208,72.516213,11.626005,NaN,True,2.0,1
114,62.666157,72.647504,9.981347,NaN,True,2.0,1
110,60.706342,72.642179,11.935837,NaN,True,2.0,1
112,61.423992,72.675767,11.251775,NaN,True,2.0,1
117,65.435291,78.107325,12.672034,NaN,True,2.0,1
124,69.475572,78.099114,8.623542,NaN,True,2.0,1
122,67.675408,78.116989,10.441581,NaN,True,2.0,1
118,65.709777,78.115934,12.406157,NaN,True,2.0,1
119,66.737604,78.131591,11.393987,NaN,True,2.0,1
125,69.995306,78.125509,8.130203,NaN,True,2.0,1
123,68.125275,78.133173,10.007898,NaN,True,2.0,1
128,72.202843,83.082546,10.879703,NaN,True,2.0,1
132,72.858917,83.106624,10.247707,NaN,True,2.0,1
129,72.26542,83.199446,10.934026,NaN,True,2.0,1
127,71.655035,83.237657,11.582622,NaN,True,2.0,1
130,72.363926,83.247594,10.883668,NaN,True,2.0,1
134,74.64708,83.238732,8.591652,NaN,True,2.0,1
126,70.66966,83.25098,12.58132,NaN,True,2.0,1
143,79.623002,87.472085,7.849083,NaN,True,2.0,1
138,77.277191,87.602246,10.325055,NaN,True,2.0,1
135,75.792736,87.4653,11.672564,NaN,True,2.0,1
141,79.450951,87.625755,8.174804,NaN,True,2.0,1
136,76.45167,87.629982,11.178312,NaN,True,2.0,1
139,77.321055,87.642725,10.32167,NaN,True,2.0,1
142,79.592096,87.654545,8.062449,NaN,True,2.0,1
137,76.799254,87.659368,10.860114,NaN,True,2.0,1
140,77.637284,87.649066,10.011782,NaN,True,2.0,1
145,81.656318,92.653516,10.997198,NaN,True,2.0,1
151,83.868044,92.660937,8.792893,NaN,True,2.0,1
152,85.177785,92.654572,7.476787,NaN,True,2.0,1
150,83.191352,92.663626,9.472274,NaN,True,2.0,1
147,82.179254,92.667715,10.488461,NaN,True,2.0,1
149,82.667966,92.67778,10.009814,NaN,True,2.0,1
148,82.453763,92.679358,10.225595,NaN,True,2.0,1
146,81.893372,92.688401,10.795029,NaN,True,2.0,1
160,89.893215,98.04945,8.156235,NaN,True,2.0,1
153,85.675331,98.061449,12.386118,NaN,True,2.0,1
157,88.690929,98.066448,9.375519,NaN,True,2.0,1
154,86.726244,98.091449,11.365205,NaN,True,2.0,1
156,88.657924,98.08945,9.431526,NaN,True,2.0,1
155,86.772494,98.087448,11.314954,NaN,True,2.0,1
158,89.178627,98.084448,8.905821,NaN,True,2.0,1
159,89.65433,98.15924,8.50491,NaN,True,2.0,1
164,92.730111,102.425547,9.695436,NaN,True,2.0,1
166,93.613067,102.482658,8.869591,NaN,True,2.0,1
162,92.114021,102.467957,10.353936,NaN,True,2.0,1
163,92.63968,102.519617,9.879937,NaN,True,2.0,1
169,94.666487,102.628234,7.961747,NaN,True,2.0,1
170,94.679649,102.606117,7.926468,NaN,True,2.0,1
161,90.740517,102.634639,11.894122,NaN,True,2.0,1
168,94.231074,102.642016,8.410942,NaN,True,2.0,1
165,93.375318,102.648418,9.2731,NaN,True,2.0,1
171,94.688761,102.669359,7.980598,NaN,True,2.0,1
174,97.890452,107.457872,9.56742,NaN,True,2.0,1
175,98.157028,107.488859,9.331831,NaN,True,2.0,1
172,96.272524,107.466534,11.19401,NaN,True,2.0,1
173,97.364663,107.475863,10.1112,NaN,True,2.0,1
177,98.667791,107.470972,8.803181,NaN,True,2.0,1
179,99.139235,107.601682,8.462447,NaN,True,2.0,1
176,98.374474,107.588314,9.21384,NaN,True,2.0,1
178,98.98608,107.605392,8.619312,NaN,True,2.0,1
187,104.444862,112.47129,8.026428,NaN,True,2.0,1
186,104.039171,112.473412,8.434241,NaN,True,2.0,1
185,103.635083,112.476069,8.840986,NaN,True,2.0,1
181,101.765561,112.478702,10.713141,NaN,True,2.0,1
182,102.193998,112.539361,10.345363,NaN,True,2.0,1
184,102.850812,112.551038,9.700226,NaN,True,2.0,1
183,102.705583,112.610294,9.904711,NaN,True,2.0,1
189,106.309695,118.28568,11.975985,NaN,True,2.0,1
188,105.884784,118.33428,12.449496,NaN,True,2.0,1
195,110.085399,118.31606,8.230661,NaN,True,2.0,1
194,109.726475,118.339635,8.61316,NaN,True,2.0,1
190,106.664504,118.346203,11.681699,NaN,True,2.0,1
196,110.177791,118.35204,8.174249,NaN,True,2.0,1
191,108.718041,118.378284,9.660243,NaN,True,2.0,1
193,109.27507,118.388835,9.113765,NaN,True,2.0,1
210,114.14706,122.445677,8.298617,NaN,True,2.0,1
202,112.03553,122.482946,10.447416,NaN,True,2.0,1
208,113.823264,122.490946,8.667682,NaN,True,2.0,1
203,112.304888,122.467676,10.162788,NaN,True,2.0,1
200,111.26823,122.466676,11.198446,NaN,True,2.0,1
205,112.96792,122.448679,9.480759,NaN,True,2.0,1
199,111.246059,122.469677,11.223618,NaN,True,2.0,1
198,110.783258,122.521827,11.738569,NaN,True,2.0,1
197,110.442524,122.473761,12.031237,NaN,True,2.0,1
209,114.014108,122.518077,8.503969,NaN,True,2.0,1
204,112.693538,122.527812,9.834274,NaN,True,2.0,1
206,113.179715,122.531076,9.351361,NaN,True,2.0,1
212,114.614252,122.531614,7.917362,NaN,True,2.0,1
201,111.738202,122.520759,10.782557,NaN,True,2.0,1
218,118.966617,128.15063,9.184013,NaN,True,2.0,1
217,117.273549,128.159687,10.886138,NaN,True,2.0,1
219,119.168808,128.167951,8.999143,NaN,True,2.0,1
215,116.910702,128.16968,11.258978,NaN,True,2.0,1
216,116.93927,128.171332,11.232062,NaN,True,2.0,1
214,116.799953,128.175181,11.375228,NaN,True,2.0,1
221,123.672342,133.101799,9.429457,NaN,True,2.0,1
222,123.74143,133.147161,9.405731,NaN,True,2.0,1
223,124.035221,133.156354,9.121133,NaN,True,2.0,1
220,122.530532,133.154033,10.623501,NaN,True,2.0,1
229,127.141683,137.664667,10.522984,NaN,True,2.0,1
225,125.555926,137.66202,12.106094,NaN,True,2.0,1
232,129.15899,137.687644,8.528654,NaN,True,2.0,1
227,126.457601,137.683897,11.226296,NaN,True,2.0,1
233,129.655062,137.697398,8.042336,NaN,True,2.0,1
231,129.110991,137.711481,8.60049,NaN,True,2.0,1
228,126.761471,137.714564,10.953093,NaN,True,2.0,1
226,126.19198,137.709853,11.517873,NaN,True,2.0,1
230,128.776903,137.745151,8.968248,NaN,True,2.0,1
234,129.815042,137.755942,7.9409,NaN,True,2.0,1
245,134.263506,142.450768,8.187262,NaN,True,2.0,1
243,133.966038,142.464393,8.498355,NaN,True,2.0,1
242,133.832805,142.467779,8.634974,NaN,True,2.0,1
240,133.360933,142.470404,9.109471,NaN,True,2.0,1
236,132.086091,142.473591,10.3875,NaN,True,2.0,1
235,131.71278,142.478883,10.766103,NaN,True,2.0,1
244,134.094258,142.641639,8.547381,NaN,True,2.0,1
237,132.759915,142.662038,9.902123,NaN,True,2.0,1
246,134.461639,142.686616,8.224977,NaN,True,2.0,1
247,134.942716,142.700731,7.758015,NaN,True,2.0,1
238,132.846972,142.692301,9.845329,NaN,True,2.0,1
239,133.144242,142.708092,9.56385,NaN,True,2.0,1
256,139.805383,147.590513,7.78513,NaN,True,2.0,1
254,139.426043,147.602983,8.17694,NaN,True,2.0,1
253,138.266413,147.620104,9.353691,NaN,True,2.0,1
249,135.36787,147.642489,12.274619,NaN,True,2.0,1
251,136.450759,147.678182,11.227423,NaN,True,2.0,1
264,144.21258,152.445351,8.232771,NaN,True,2.0,1
266,144.733982,152.645094,7.911112,NaN,True,2.0,1
268,145.272083,152.653206,7.381123,NaN,True,2.0,1
259,142.287023,152.656946,10.369923,NaN,True,2.0,1
265,144.397767,152.663402,8.265635,NaN,True,2.0,1
257,140.85268,152.67226,11.81958,NaN,True,2.0,1
260,142.475187,152.669851,10.194664,NaN,True,2.0,1
267,144.742981,152.688346,7.945365,NaN,True,2.0,1
263,143.938836,152.699679,8.760843,NaN,True,2.0,1
258,141.211631,152.69704,11.485409,NaN,True,2.0,1
272,146.264122,157.474916,11.210794,NaN,True,2.0,1
277,148.87858,157.470131,8.591551,NaN,True,2.0,1
276,147.946898,157.477555,9.530657,NaN,True,2.0,1
271,145.974641,157.476501,11.50186,NaN,True,2.0,1
273,146.303111,157.480739,11.177628,NaN,True,2.0,1
278,149.608624,157.677062,8.068438,NaN,True,2.0,1
270,145.933076,157.68807,11.754994,NaN,True,2.0,1
275,146.708507,157.69307,10.984563,NaN,True,2.0,1
283,152.601135,162.443183,9.842048,NaN,True,2.0,1
280,151.64949,162.447185,10.797695,NaN,True,2.0,1
281,151.898232,162.477188,10.578956,NaN,True,2.0,1
282,152.227326,162.472184,10.244858,NaN,True,2.0,1
279,150.626051,162.471185,11.845134,NaN,True,2.0,1
284,152.798316,162.469184,9.670868,NaN,True,2.0,1
288,157.836785,167.459367,9.622582,NaN,True,2.0,1
285,155.822665,167.672884,11.850219,NaN,True,2.0,1
290,158.836617,167.67983,8.843213,NaN,True,2.0,1
287,156.65771,167.696523,11.038813,NaN,True,2.0,1
289,158.758511,167.699232,8.940721,NaN,True,2.0,1
294,161.714441,172.712239,10.997798,NaN,True,2.0,1
296,162.828071,172.743237,9.915166,NaN,True,2.0,1
295,162.661365,172.738239,10.076874,NaN,True,2.0,1
293,161.358885,172.720236,11.361351,NaN,True,2.0,1
292,160.722998,172.736235,12.013237,NaN,True,2.0,1
291,160.413282,172.772235,12.358953,NaN,True,2.0,1
299,166.85391,178.035726,11.181816,NaN,True,2.0,1
302,169.359521,178.032392,8.672871,NaN,True,2.0,1
303,169.688075,178.040604,8.352529,NaN,True,2.0,1
304,169.916415,178.053783,8.137368,NaN,True,2.0,1
298,166.796806,178.091493,11.294687,NaN,True,2.0,1
301,168.773355,178.093655,9.3203,NaN,True,2.0,1
300,166.886834,178.183775,11.296941,NaN,True,2.0,1
297,165.858104,178.199871,12.341767,NaN,True,2.0,1
311,171.997668,182.450911,10.453243,NaN,True,2.0,1
316,174.683514,182.468204,7.78469,NaN,True,2.0,1
308,171.449153,182.624955,11.175802,NaN,True,2.0,1
306,170.710736,182.623889,11.913153,NaN,True,2.0,1
313,173.346357,182.614601,9.268244,NaN,True,2.0,1
312,173.047901,182.666496,9.618595,NaN,True,2.0,1
323,178.099005,187.558871,9.459866,NaN,True,2.0,1
322,177.717355,187.489987,9.772632,NaN,True,2.0,1
325,179.041775,187.481337,8.439562,NaN,True,2.0,1
318,175.76636,187.585872,11.819512,NaN,True,2.0,1
324,178.977912,187.591871,8.613959,NaN,True,2.0,1
321,177.703571,187.631465,9.927894,NaN,True,2.0,1
327,179.784913,187.473758,7.688845,NaN,True,2.0,1
320,176.350666,187.64143,11.290764,NaN,True,2.0,1
326,179.125507,187.47701,8.351503,NaN,True,2.0,1
317,175.737379,187.660842,11.923463,NaN,True,2.0,1
319,176.335593,187.655019,11.319426,NaN,True,2.0,1
335,184.743327,192.706229,7.962902,NaN,True,2.0,1
331,182.674568,192.726426,10.051858,NaN,True,2.0,1
334,184.686401,192.722211,8.03581,NaN,True,2.0,1
330,181.826302,192.730668,10.904366,NaN,True,2.0,1
332,183.060737,192.727484,9.666747,NaN,True,2.0,1
340,190.067535,197.416322,7.348787,NaN,True,2.0,1
338,186.831204,197.43225,10.601046,NaN,True,2.0,1
339,188.880909,197.651573,8.770664,NaN,True,2.0,1
337,186.68558,197.653676,10.968096,NaN,True,2.0,1
336,186.407604,197.671494,11.26389,NaN,True,2.0,1
347,195.008381,202.428677,7.420296,NaN,True,2.0,1
343,191.061495,202.649096,11.587601,NaN,True,2.0,1
342,190.826742,202.642586,11.815844,NaN,True,2.0,1
344,192.701963,202.692778,9.990815,NaN,True,2.0,1
346,194.186631,202.694356,8.507725,NaN,True,2.0,1
345,192.966742,202.69541,9.728668,NaN,True,2.0,1
348,195.306413,202.701616,7.395203,NaN,True,2.0,1
341,190.647319,202.709556,12.062237,NaN,True,2.0,1
356,199.789635,207.634617,7.844982,NaN,True,2.0,1
352,196.39999,207.631986,11.231996,NaN,True,2.0,1
353,198.63546,207.647134,9.011674,NaN,True,2.0,1
355,198.935275,207.639152,8.703877,NaN,True,2.0,1
349,195.447116,207.664864,12.217748,NaN,True,2.0,1
351,196.065563,207.659379,11.593816,NaN,True,2.0,1
357,199.817435,207.676597,7.859162,NaN,True,2.0,1
354,198.838937,207.737213,8.898276,NaN,True,2.0,1
364,203.036729,212.433197,9.396468,NaN,True,2.0,1
358,200.393784,212.486198,12.092414,NaN,True,2.0,1
366,203.35711,212.695261,9.338151,NaN,True,2.0,1
370,205.036432,212.70026,7.663828,NaN,True,2.0,1
369,203.91203,212.706259,8.794229,NaN,True,2.0,1
362,201.890117,212.709635,10.819518,NaN,True,2.0,1
359,201.034387,212.713148,11.678761,NaN,True,2.0,1
371,205.123545,212.712148,7.588603,NaN,True,2.0,1
367,203.686688,212.721148,9.03446,NaN,True,2.0,1
363,202.088473,212.723149,10.634676,NaN,True,2.0,1
365,203.091609,212.726884,9.635275,NaN,True,2.0,1
368,203.700811,212.736424,9.035613,NaN,True,2.0,1
375,206.70164,217.61355,10.91191,NaN,True,2.0,1
380,208.156389,217.622803,9.466414,NaN,True,2.0,1
385,209.775758,217.639355,7.863597,NaN,True,2.0,1
374,206.26463,217.656311,11.391681,NaN,True,2.0,1
384,209.652475,217.668035,8.01556,NaN,True,2.0,1
381,208.476385,217.663793,9.187408,NaN,True,2.0,1
379,207.999973,217.679215,9.679242,NaN,True,2.0,1
378,207.826412,217.670735,9.844323,NaN,True,2.0,1
377,206.794416,217.682429,10.888013,NaN,True,2.0,1
376,206.726491,217.697344,10.970853,NaN,True,2.0,1
386,210.007086,217.68776,7.680674,NaN,True,2.0,1
382,208.719441,217.700037,8.980596,NaN,True,2.0,1
372,205.452983,217.719595,12.266612,NaN,True,2.0,1
383,209.633526,217.725779,8.092253,NaN,True,2.0,1
396,214.145378,222.471395,8.326017,NaN,True,2.0,1
387,210.397996,222.668875,12.270879,NaN,True,2.0,1
398,215.210528,222.68222,7.471692,NaN,True,2.0,1
391,211.022151,222.69026,11.668109,NaN,True,2.0,1
397,214.852041,222.70271,7.850669,NaN,True,2.0,1
393,211.744427,222.701651,10.957224,NaN,True,2.0,1
388,210.647762,222.703769,12.056007,NaN,True,2.0,1
390,210.862149,222.711674,11.849525,NaN,True,2.0,1
395,212.66929,222.73183,10.06254,NaN,True,2.0,1
408,219.940901,228.076005,8.135104,NaN,True,2.0,1
399,215.691786,228.079091,12.387305,NaN,True,2.0,1
406,219.456528,228.137333,8.680805,NaN,True,2.0,1
407,219.70401,228.109656,8.405646,NaN,True,2.0,1
402,217.002817,228.174338,11.171521,NaN,True,2.0,1
405,218.100155,228.181783,10.081628,NaN,True,2.0,1
401,216.920017,228.183514,11.263497,NaN,True,2.0,1
400,215.853165,228.185122,12.331957,NaN,True,2.0,1
403,217.644126,228.188948,10.544822,NaN,True,2.0,1
404,217.852022,228.191666,10.339644,NaN,True,2.0,1
412,223.40951,232.429884,9.020374,NaN,True,2.0,1
409,220.636194,232.442658,11.806464,NaN,True,2.0,1
414,224.829133,232.695245,7.866112,NaN,True,2.0,1
413,224.445286,232.705774,8.260488,NaN,True,2.0,1
411,222.693987,232.71151,10.017523,NaN,True,2.0,1
410,221.06235,232.720023,11.657673,NaN,True,2.0,1
421,229.642673,237.439998,7.797325,NaN,True,2.0,1
416,227.839816,237.435314,9.595498,NaN,True,2.0,1
417,227.926371,237.437174,9.510803,NaN,True,2.0,1
420,228.93942,237.454519,8.515099,NaN,True,2.0,1
415,225.375422,237.457838,12.082416,NaN,True,2.0,1
418,228.653831,237.463119,8.809288,NaN,True,2.0,1
422,229.681834,237.464761,7.782927,NaN,True,2.0,1
419,228.752697,237.47729,8.724593,NaN,True,2.0,1
423,229.743499,237.660367,7.916868,NaN,True,2.0,1
425,231.98436,242.453167,10.468807,NaN,True,2.0,1
426,233.707333,242.477167,8.769834,NaN,True,2.0,1
427,234.762383,242.480167,7.717784,NaN,True,2.0,1
424,231.353612,242.478167,11.124555,NaN,True,2.0,1
436,240.108216,247.474557,7.366341,NaN,True,2.0,1
430,236.940817,247.627585,10.686768,NaN,True,2.0,1
435,240.013942,247.642641,7.628699,NaN,True,2.0,1
434,238.004222,247.624907,9.620685,NaN,True,2.0,1
433,237.822803,247.6496,9.826797,NaN,True,2.0,1
429,236.035702,247.656555,11.620853,NaN,True,2.0,1
432,237.789946,247.671867,9.881921,NaN,True,2.0,1
428,235.949924,247.66977,11.719846,NaN,True,2.0,1
431,237.472428,247.684175,10.211747,NaN,True,2.0,1
438,241.895529,253.067242,11.171713,NaN,True,2.0,1
443,243.406735,253.06524,9.658505,NaN,True,2.0,1
446,245.024926,253.07424,8.049314,NaN,True,2.0,1
442,243.270671,253.068238,9.797567,NaN,True,2.0,1
445,244.391997,253.083238,8.691241,NaN,True,2.0,1
437,240.698928,253.100046,12.401118,NaN,True,2.0,1
440,243.071935,253.117555,10.04562,NaN,True,2.0,1
439,242.924817,253.121483,10.196666,NaN,True,2.0,1
441,243.220073,253.241273,10.0212,NaN,True,2.0,1
455,249.658929,257.479486,7.820557,NaN,True,2.0,1
454,249.326687,257.502269,8.175582,NaN,True,2.0,1
449,247.130709,257.471813,10.341104,NaN,True,2.0,1
448,245.998136,257.52425,11.526114,NaN,True,2.0,1
451,247.36465,257.684516,10.319866,NaN,True,2.0,1
452,248.073009,257.700446,9.627437,NaN,True,2.0,1
447,245.959947,257.702551,11.742604,NaN,True,2.0,1
450,247.293757,257.705753,10.411996,NaN,True,2.0,1
453,248.870594,257.707869,8.837275,NaN,True,2.0,1
465,253.743422,263.077492,9.33407,NaN,True,2.0,1
468,255.090184,263.080661,7.990477,NaN,True,2.0,1
459,251.650127,263.084802,11.434675,NaN,True,2.0,1
456,250.461044,263.088496,12.627452,NaN,True,2.0,1
464,252.87277,263.092497,10.219727,NaN,True,2.0,1
467,254.379291,263.101526,8.722235,NaN,True,2.0,1
458,251.375111,263.116211,11.7411,NaN,True,2.0,1
462,251.988502,263.196245,11.207743,NaN,True,2.0,1
463,252.305006,263.204209,10.899203,NaN,True,2.0,1
461,251.842881,263.207913,11.365032,NaN,True,2.0,1
469,255.120615,263.211092,8.090477,NaN,True,2.0,1
457,250.711405,263.219074,12.507669,NaN,True,2.0,1
466,254.070267,263.222785,9.152518,NaN,True,2.0,1
460,251.673596,263.22613,11.552534,NaN,True,2.0,1
476,257.344429,267.471994,10.127565,NaN,True,2.0,1
472,256.040422,267.696955,11.656533,NaN,True,2.0,1
482,260.184771,267.709953,7.525182,NaN,True,2.0,1
479,258.663889,267.718953,9.055064,NaN,True,2.0,1
480,259.695476,267.720953,8.025477,NaN,True,2.0,1
481,259.896593,267.727953,7.83136,NaN,True,2.0,1
475,257.312763,267.728953,10.41619,NaN,True,2.0,1
473,256.883357,267.730953,10.847596,NaN,True,2.0,1
474,257.281731,267.748957,10.467226,NaN,True,2.0,1
477,257.738732,267.774522,10.03579,NaN,True,2.0,1
485,262.678744,272.633991,9.955247,NaN,True,2.0,1
487,263.049411,272.676198,9.626787,NaN,True,2.0,1
488,263.788837,272.672997,8.88416,NaN,True,2.0,1
491,264.715657,272.680973,7.965316,NaN,True,2.0,1
492,264.76525,272.701652,7.936402,NaN,True,2.0,1
483,260.757939,272.683615,11.925676,NaN,True,2.0,1
484,262.132092,272.70538,10.573288,NaN,True,2.0,1
489,264.011408,272.722422,8.711014,NaN,True,2.0,1
490,264.701581,272.736756,8.035175,NaN,True,2.0,1
497,267.970042,278.160212,10.19017,NaN,True,2.0,1
494,265.442924,278.286039,12.843115,NaN,True,2.0,1
493,265.376644,278.282281,12.905637,NaN,True,2.0,1
495,266.664439,278.302928,11.638489,NaN,True,2.0,1
496,267.727953,278.304639,10.576686,NaN,True,2.0,1
499,269.231797,278.335837,9.10404,NaN,True,2.0,1
498,268.659554,278.364886,9.705332,NaN,True,2.0,1
500,270.432403,282.646136,12.213733,NaN,True,2.0,1
505,272.850808,282.650991,9.800183,NaN,True,2.0,1
501,271.144117,282.6559,11.511783,NaN,True,2.0,1
507,274.279541,282.667151,8.38761,NaN,True,2.0,1
506,273.388566,282.668747,9.280181,NaN,True,2.0,1
508,274.484785,282.678262,8.193477,NaN,True,2.0,1
503,271.746083,282.66228,10.916197,NaN,True,2.0,1
509,274.731604,282.689953,7.958349,NaN,True,2.0,1
504,272.774153,282.694232,9.920079,NaN,True,2.0,1
502,271.45411,282.679845,11.225735,NaN,True,2.0,1
516,279.190003,287.421472,8.231469,NaN,True,2.0,1
513,276.76729,287.44421,10.67692,NaN,True,2.0,1
512,276.341366,287.468491,11.127125,NaN,True,2.0,1
511,276.202703,287.485265,11.282562,NaN,True,2.0,1
514,278.092255,287.647762,9.555507,NaN,True,2.0,1
515,278.369233,287.649883,9.28065,NaN,True,2.0,1
522,283.10086,292.649742,9.548882,NaN,True,2.0,1
525,284.170163,292.659787,8.489624,NaN,True,2.0,1
518,281.698525,292.662625,10.9641,NaN,True,2.0,1
520,282.120469,292.665104,10.544635,NaN,True,2.0,1
523,283.600976,292.667238,9.066262,NaN,True,2.0,1
517,281.155737,292.668812,11.513075,NaN,True,2.0,1
519,281.982142,292.673507,10.691365,NaN,True,2.0,1
524,284.034299,292.678757,8.644458,NaN,True,2.0,1
521,282.696369,292.680358,9.983989,NaN,True,2.0,1
529,286.645257,297.449712,10.804455,NaN,True,2.0,1
527,285.807502,297.763333,11.955831,NaN,True,2.0,1
533,287.677987,297.752635,10.074648,NaN,True,2.0,1
531,287.48092,297.760121,10.279201,NaN,True,2.0,1
537,289.646826,297.774923,8.128097,NaN,True,2.0,1
530,287.449645,297.777613,10.327968,NaN,True,2.0,1
536,288.976954,297.785145,8.808191,NaN,True,2.0,1
526,285.633443,297.792729,12.159286,NaN,True,2.0,1
534,288.651851,297.796494,9.144643,NaN,True,2.0,1
535,288.912161,297.798635,8.886474,NaN,True,2.0,1
532,287.666661,297.804545,10.137884,NaN,True,2.0,1
538,290.43193,302.465583,12.033653,NaN,True,2.0,1
543,292.654966,302.677399,10.022433,NaN,True,2.0,1
540,291.733083,302.680075,10.946992,NaN,True,2.0,1
545,293.281038,302.688105,9.407067,NaN,True,2.0,1
546,293.681125,302.692386,9.011261,NaN,True,2.0,1
547,294.41328,302.708192,8.294912,NaN,True,2.0,1
553,298.391067,308.07732,9.686253,NaN,True,2.0,1
548,295.629744,308.096254,12.46651,NaN,True,2.0,1
550,296.411973,308.169268,11.757295,NaN,True,2.0,1
552,297.933884,308.177301,10.243417,NaN,True,2.0,1
549,295.681837,308.180997,12.49916,NaN,True,2.0,1
551,297.275835,308.183007,10.907172,NaN,True,2.0,1
555,299.663981,308.185008,8.521027,NaN,True,2.0,1
556,300.006608,308.190546,8.183938,NaN,True,2.0,1
554,299.277025,308.224894,8.947869,NaN,True,2.0,1
558,302.142766,313.059969,10.917203,NaN,True,2.0,1
560,303.388991,313.05669,9.667699,NaN,True,2.0,1
561,303.445792,313.069314,9.623522,NaN,True,2.0,1
566,304.686363,313.120395,8.434032,NaN,True,2.0,1
564,304.235377,313.143393,8.908016,NaN,True,2.0,1
557,300.690902,313.106401,12.415499,NaN,True,2.0,1
563,303.98956,313.116391,9.126831,NaN,True,2.0,1
559,303.26913,313.19739,9.92826,NaN,True,2.0,1
567,305.015306,313.23939,8.224084,NaN,True,2.0,1
569,305.313579,318.037557,12.723978,NaN,True,2.0,1
575,308.176749,318.039307,9.862558,NaN,True,2.0,1
571,306.69164,318.065819,11.374179,NaN,True,2.0,1
578,309.930633,318.084932,8.154299,NaN,True,2.0,1
568,305.243041,318.088713,12.845672,NaN,True,2.0,1
574,307.827554,318.159557,10.332003,NaN,True,2.0,1
572,306.764553,318.150986,11.386433,NaN,True,2.0,1
577,309.067971,318.182709,9.114738,NaN,True,2.0,1
570,305.444148,318.200237,12.756089,NaN,True,2.0,1
573,307.714566,318.185447,10.470881,NaN,True,2.0,1
584,313.211389,322.63762,9.426231,NaN,True,2.0,1
583,313.097754,322.665801,9.568047,NaN,True,2.0,1
582,312.963897,322.693752,9.729855,NaN,True,2.0,1
585,314.378543,322.691107,8.312564,NaN,True,2.0,1
586,315.168495,322.707168,7.538673,NaN,True,2.0,1
580,312.040542,322.725171,10.684629,NaN,True,2.0,1
579,311.426445,322.743168,11.316723,NaN,True,2.0,1
587,315.21906,322.762997,7.543937,NaN,True,2.0,1
597,319.207758,328.064826,8.857068,NaN,True,2.0,1
595,318.653693,328.065823,9.41213,NaN,True,2.0,1
596,318.795011,328.067825,9.272814,NaN,True,2.0,1
599,319.673917,328.061848,8.387931,NaN,True,2.0,1
600,319.714997,328.081823,8.366826,NaN,True,2.0,1
601,320.048234,328.075823,8.027589,NaN,True,2.0,1
592,316.652338,328.085825,11.433487,NaN,True,2.0,1
594,318.421825,328.084823,9.662998,NaN,True,2.0,1
589,315.653213,328.119825,12.466612,NaN,True,2.0,1
588,315.458597,328.147876,12.689279,NaN,True,2.0,1
593,317.659359,328.205953,10.546594,NaN,True,2.0,1
590,316.015137,328.211436,12.196299,NaN,True,2.0,1
598,319.664826,328.216922,8.552096,NaN,True,2.0,1
607,324.473717,332.44092,7.967203,NaN,True,2.0,1
603,322.207048,332.697664,10.490616,NaN,True,2.0,1
602,320.849833,332.699269,11.849436,NaN,True,2.0,1
605,323.325328,332.740677,9.415349,NaN,True,2.0,1
604,323.083408,332.730673,9.647265,NaN,True,2.0,1
606,324.095409,332.750674,8.655265,NaN,True,2.0,1
610,326.257681,338.063232,11.805551,NaN,True,2.0,1
608,325.795061,338.086393,12.291332,NaN,True,2.0,1
611,326.712975,338.085281,11.372306,NaN,True,2.0,1
617,328.757678,338.098173,9.340495,NaN,True,2.0,1
616,328.251771,338.114469,9.862698,NaN,True,2.0,1
618,329.348467,338.118781,8.770314,NaN,True,2.0,1
612,326.868825,338.164882,11.296057,NaN,True,2.0,1
614,327.239967,338.202478,10.962511,NaN,True,2.0,1
615,327.282863,338.196004,10.913141,NaN,True,2.0,1
619,329.73968,338.252835,8.513155,NaN,True,2.0,1
609,326.20645,338.273704,12.067254,NaN,True,2.0,1
620,329.792729,338.291916,8.499187,NaN,True,2.0,1
621,330.756122,342.478149,11.722027,NaN,True,2.0,1
626,332.986666,342.492144,9.505478,NaN,True,2.0,1
631,335.199998,342.490148,7.29015,NaN,True,2.0,1
632,335.22019,342.531144,7.310954,NaN,True,2.0,1
627,333.704779,342.538144,8.833365,NaN,True,2.0,1
628,333.705297,342.481147,8.77585,NaN,True,2.0,1
629,334.051025,342.489147,8.438122,NaN,True,2.0,1
630,334.168784,342.656018,8.487234,NaN,True,2.0,1
624,332.849165,342.63809,9.788925,NaN,True,2.0,1
625,332.929477,342.653408,9.723931,NaN,True,2.0,1
622,331.757393,342.668439,10.911046,NaN,True,2.0,1
623,332.068084,342.695546,10.627462,NaN,True,2.0,1
637,338.096516,347.469373,9.372857,NaN,True,2.0,1
639,338.468838,347.717928,9.24909,NaN,True,2.0,1
640,338.637029,347.72393,9.086901,NaN,True,2.0,1
636,337.719543,347.730929,10.011386,NaN,True,2.0,1
641,338.833613,347.731928,8.898315,NaN,True,2.0,1
633,335.706954,347.740929,12.033975,NaN,True,2.0,1
634,337.253861,347.754338,10.500477,NaN,True,2.0,1
638,338.269898,347.751146,9.481248,NaN,True,2.0,1
642,339.803364,347.774122,7.970758,NaN,True,2.0,1
635,337.450972,347.776811,10.325839,NaN,True,2.0,1
646,341.735411,352.481234,10.745823,NaN,True,2.0,1
654,345.147255,352.607171,7.459916,NaN,True,2.0,1
645,341.335187,352.614585,11.279398,NaN,True,2.0,1
648,343.131869,352.616709,9.48484,NaN,True,2.0,1
650,344.045442,352.641716,8.596274,NaN,True,2.0,1
643,340.724944,352.64925,11.924306,NaN,True,2.0,1
644,341.244652,352.661663,11.417011,NaN,True,2.0,1
649,343.226251,352.671893,9.445642,NaN,True,2.0,1
653,345.133452,352.692345,7.558893,NaN,True,2.0,1
652,344.676858,352.811006,8.134148,NaN,True,2.0,1
664,349.626944,357.44977,7.822826,NaN,True,2.0,1
659,346.690257,357.638694,10.948437,NaN,True,2.0,1
658,346.667891,357.654906,10.987015,NaN,True,2.0,1
661,347.049808,357.646271,10.596463,NaN,True,2.0,1
657,346.083255,357.651171,11.567916,NaN,True,2.0,1
665,349.76945,357.677737,7.908287,NaN,True,2.0,1
666,350.050436,357.679302,7.628866,NaN,True,2.0,1
667,350.244984,357.682483,7.437499,NaN,True,2.0,1
655,345.460698,357.685114,12.224416,NaN,True,2.0,1
662,348.202528,357.694525,9.491997,NaN,True,2.0,1
660,346.859022,357.697193,10.838171,NaN,True,2.0,1
656,345.65116,357.705755,12.054595,NaN,True,2.0,1
663,349.221078,357.709493,8.488415,NaN,True,2.0,1
672,351.897556,362.62664,10.729084,NaN,True,2.0,1
670,351.232843,362.638942,11.406099,NaN,True,2.0,1
668,350.848311,362.647667,11.799356,NaN,True,2.0,1
676,353.489435,362.666625,9.17719,NaN,True,2.0,1
673,352.109776,362.679554,10.569778,NaN,True,2.0,1
669,351.019867,362.682259,11.662392,NaN,True,2.0,1
675,353.065549,362.683318,9.617769,NaN,True,2.0,1
678,354.648586,362.69782,8.049234,NaN,True,2.0,1
671,351.35689,362.688747,11.331857,NaN,True,2.0,1
682,358.624964,367.458129,8.833165,NaN,True,2.0,1
685,359.145104,367.46713,8.322026,NaN,True,2.0,1
684,358.841627,367.464129,8.622502,NaN,True,2.0,1
686,360.284093,367.47313,7.189037,NaN,True,2.0,1
679,357.282016,367.469134,10.187118,NaN,True,2.0,1
681,357.687248,367.707021,10.019773,NaN,True,2.0,1
680,357.671398,367.716625,10.045227,NaN,True,2.0,1
693,363.635543,372.456042,8.820499,NaN,True,2.0,1
690,361.196596,372.462039,11.265443,NaN,True,2.0,1
695,363.955259,372.44404,8.488781,NaN,True,2.0,1
694,363.939455,372.672931,8.733476,NaN,True,2.0,1
688,360.920221,372.467039,11.546818,NaN,True,2.0,1
691,362.657376,372.760926,10.10355,NaN,True,2.0,1
687,360.351413,372.782834,12.431421,NaN,True,2.0,1
701,368.870875,377.483946,8.613071,NaN,True,2.0,1
704,370.031747,377.476801,7.445054,NaN,True,2.0,1
698,367.707528,377.664891,9.957363,NaN,True,2.0,1
697,366.17749,377.670379,11.492889,NaN,True,2.0,1
696,365.376241,377.694068,12.317827,NaN,True,2.0,1
703,369.283552,377.691883,8.408331,NaN,True,2.0,1
705,370.253176,377.685949,7.432773,NaN,True,2.0,1
700,368.656586,377.698885,9.042299,NaN,True,2.0,1
699,368.17396,377.723831,9.549871,NaN,True,2.0,1
715,374.668568,382.487532,7.818964,NaN,True,2.0,1
714,374.000028,382.492529,8.492501,NaN,True,2.0,1
713,373.834481,382.696733,8.862252,NaN,True,2.0,1
710,372.741825,382.729049,9.987224,NaN,True,2.0,1
709,371.821892,382.730626,10.908734,NaN,True,2.0,1
707,371.738975,382.736948,10.997973,NaN,True,2.0,1
706,370.471513,382.746552,12.275039,NaN,True,2.0,1
711,373.149285,382.757661,9.608376,NaN,True,2.0,1
708,371.745605,382.753942,11.008337,NaN,True,2.0,1
712,373.265296,382.745485,9.480189,NaN,True,2.0,1
721,379.454968,388.174599,8.719631,NaN,True,2.0,1
716,375.754157,388.216988,12.462831,NaN,True,2.0,1
720,379.325034,388.208744,8.88371,NaN,True,2.0,1
719,378.756309,388.261956,9.505647,NaN,True,2.0,1
730,383.854046,393.054145,9.200099,NaN,True,2.0,1
731,383.996954,393.107514,9.11056,NaN,True,2.0,1
727,382.756064,393.108086,10.352022,NaN,True,2.0,1
723,381.222198,393.116095,11.893897,NaN,True,2.0,1
726,382.526528,393.125672,10.599144,NaN,True,2.0,1
725,381.720822,393.133498,11.412676,NaN,True,2.0,1
728,383.05801,393.244092,10.186082,NaN,True,2.0,1
724,381.686489,393.251621,11.565132,NaN,True,2.0,1
729,383.700665,393.254162,9.553497,NaN,True,2.0,1
722,380.747473,393.273677,12.526204,NaN,True,2.0,1
760,394.749986,394.922675,0.172689,NaN,False,2.0,1
736,387.457113,398.167638,10.710525,NaN,True,2.0,1
739,388.953323,398.200583,9.24726,NaN,True,2.0,1
733,386.066176,398.213175,12.146999,NaN,True,2.0,1
734,387.217688,398.228249,11.010561,NaN,True,2.0,1
742,389.851978,398.244245,8.392267,NaN,True,2.0,1
740,389.104508,398.242045,9.137537,NaN,True,2.0,1
735,387.374601,398.289657,10.915056,NaN,True,2.0,1
741,389.163377,398.265692,9.102315,NaN,True,2.0,1
761,395.120865,403.053855,7.93299,NaN,True,2.0,1
759,394.719984,403.040337,8.320353,NaN,True,2.0,1
754,393.074734,403.062258,9.987524,NaN,True,2.0,1
751,392.461897,403.071624,10.609727,NaN,True,2.0,1
746,391.228037,403.096546,11.868509,NaN,True,2.0,1
745,391.16087,403.118878,11.958008,NaN,True,2.0,1
748,391.742021,403.133604,11.391583,NaN,True,2.0,1
755,393.168372,403.150955,9.982583,NaN,True,2.0,1
753,392.887349,403.160156,10.272807,NaN,True,2.0,1
752,392.759142,403.176887,10.417745,NaN,True,2.0,1
747,391.677687,403.150426,11.472739,NaN,True,2.0,1
744,390.733079,403.204454,12.471375,NaN,True,2.0,1
756,393.64014,403.231785,9.591645,NaN,True,2.0,1
763,396.251046,407.658494,11.407448,NaN,True,2.0,1
767,398.194593,407.674589,9.479996,NaN,True,2.0,1
762,395.479592,407.689663,12.210071,NaN,True,2.0,1
765,397.667246,407.696186,10.02894,NaN,True,2.0,1
769,400.045853,407.672416,7.626563,NaN,True,2.0,1
764,396.887608,407.694054,10.806446,NaN,True,2.0,1
768,399.711576,407.711303,7.999727,NaN,True,2.0,1
773,402.104792,412.419095,10.314303,NaN,True,2.0,1
774,402.189711,412.451959,10.262248,NaN,True,2.0,1
770,400.715743,412.472385,11.756642,NaN,True,2.0,1
771,401.274098,412.695193,11.421095,NaN,True,2.0,1
777,403.05937,412.704666,9.645296,NaN,True,2.0,1
780,404.391132,412.707288,8.316156,NaN,True,2.0,1
779,403.95273,412.709886,8.757156,NaN,True,2.0,1
778,403.849518,412.712089,8.862571,NaN,True,2.0,1
772,401.944149,412.713166,10.769017,NaN,True,2.0,1
775,402.472004,412.716842,10.244838,NaN,True,2.0,1
776,402.68664,412.719462,10.032822,NaN,True,2.0,1
795,413.709161,413.748163,0.039002,NaN,False,2.0,1
796,414.440133,414.712785,0.272652,NaN,False,2.0,1
785,407.651589,418.106295,10.454706,NaN,True,2.0,1
786,407.949535,418.11001,10.160475,NaN,True,2.0,1
787,408.916479,418.108407,9.191928,NaN,True,2.0,1
781,405.656076,418.113173,12.457097,NaN,True,2.0,1
788,409.675887,418.127003,8.451116,NaN,True,2.0,1
784,406.317308,418.119485,11.802177,NaN,True,2.0,1
783,405.737134,418.144197,12.407063,NaN,True,2.0,1
782,405.716993,418.146858,12.429865,NaN,True,2.0,1
789,409.877248,418.23229,8.355042,NaN,True,2.0,1
794,413.348931,422.458229,9.109298,NaN,True,2.0,1
797,415.043637,422.474325,7.430688,NaN,True,2.0,1
792,412.282255,422.604739,10.322484,NaN,True,2.0,1
798,415.083021,422.596814,7.513793,NaN,True,2.0,1
799,415.183629,422.595645,7.412016,NaN,True,2.0,1
791,412.188737,422.64,10.451263,NaN,True,2.0,1
790,410.39489,422.693802,12.298912,NaN,True,2.0,1
800,415.387051,428.113331,12.72628,NaN,True,2.0,1
805,416.716592,428.130549,11.413957,NaN,True,2.0,1
809,420.18091,428.149356,7.968446,NaN,True,2.0,1
807,418.981118,428.164493,9.183375,NaN,True,2.0,1
806,417.683079,428.202082,10.519003,NaN,True,2.0,1
814,423.461578,432.438129,8.976551,NaN,True,2.0,1
813,422.680806,432.49575,9.814944,NaN,True,2.0,1
817,424.761222,432.64638,7.885158,NaN,True,2.0,1
811,421.268197,432.657035,11.388838,NaN,True,2.0,1
815,423.705039,432.67085,8.965811,NaN,True,2.0,1
812,421.759805,432.672966,10.913161,NaN,True,2.0,1
816,424.321236,432.68622,8.364984,NaN,True,2.0,1
810,420.647192,432.687282,12.04009,NaN,True,2.0,1
818,425.706071,437.745718,12.039647,NaN,True,2.0,1
823,428.036953,437.760597,9.723644,NaN,True,2.0,1
826,429.256264,437.747295,8.491031,NaN,True,2.0,1
825,429.012676,437.755254,8.742578,NaN,True,2.0,1
822,427.714754,437.763775,10.049021,NaN,True,2.0,1
821,426.734178,437.766463,11.032285,NaN,True,2.0,1
827,429.634191,437.779784,8.145593,NaN,True,2.0,1
819,425.703184,437.785032,12.081848,NaN,True,2.0,1
824,428.268466,437.78925,9.520784,NaN,True,2.0,1
830,433.687782,442.66648,8.978698,NaN,True,2.0,1
832,435.159644,442.684894,7.52525,NaN,True,2.0,1
831,433.947316,442.689156,8.74184,NaN,True,2.0,1
828,430.973919,442.700552,11.726633,NaN,True,2.0,1
829,431.264985,442.728003,11.463018,NaN,True,2.0,1
859,447.692877,447.748876,0.055999,NaN,False,2.0,1
833,435.721343,448.051946,12.330603,NaN,True,2.0,1
841,439.372983,448.122038,8.749055,NaN,True,2.0,1
843,440.21514,448.120376,7.905236,NaN,True,2.0,1
839,438.377269,448.132166,9.754897,NaN,True,2.0,1
835,437.770142,448.12844,10.358298,NaN,True,2.0,1
836,437.796693,448.15853,10.361837,NaN,True,2.0,1
840,439.004458,448.165101,9.160643,NaN,True,2.0,1
837,437.834413,448.195275,10.360862,NaN,True,2.0,1
838,438.329817,448.179078,9.849261,NaN,True,2.0,1
861,448.226606,448.852237,0.625631,NaN,False,2.0,1
868,451.215858,451.338109,0.122251,NaN,False,2.0,1
872,452.286332,452.339456,0.053124,NaN,False,2.0,1
851,443.151988,452.482665,9.330677,NaN,True,2.0,1
844,440.469772,452.472994,12.003222,NaN,True,2.0,1
848,441.739549,452.474056,10.734507,NaN,True,2.0,1
849,442.12194,452.653397,10.531457,NaN,True,2.0,1
854,444.016189,452.643273,8.627084,NaN,True,2.0,1
852,443.676563,452.629272,8.952709,NaN,True,2.0,1
846,440.857759,452.677875,11.820116,NaN,True,2.0,1
847,441.405163,452.673609,11.268446,NaN,True,2.0,1
853,443.961407,452.668837,8.70743,NaN,True,2.0,1
850,442.676858,452.68482,10.007962,NaN,True,2.0,1
845,440.776751,452.699149,11.922398,NaN,True,2.0,1
860,447.959971,457.487599,9.527628,NaN,True,2.0,1
857,446.294172,457.591494,11.297322,NaN,True,2.0,1
863,449.062158,457.618324,8.556166,NaN,True,2.0,1
858,447.221614,457.462494,10.24088,NaN,True,2.0,1
864,449.105522,457.696987,8.591465,NaN,True,2.0,1
862,448.263264,457.710181,9.446917,NaN,True,2.0,1
856,445.694924,457.716022,12.021098,NaN,True,2.0,1
878,455.219592,462.443698,7.224106,NaN,True,2.0,1
869,451.296548,462.446677,11.150129,NaN,True,2.0,1
866,450.736455,462.448709,11.712254,NaN,True,2.0,1
876,454.463592,462.69715,8.233558,NaN,True,2.0,1
874,452.825377,462.706256,9.880879,NaN,True,2.0,1
871,451.702466,462.701944,10.999478,NaN,True,2.0,1
877,454.669069,462.715867,8.046798,NaN,True,2.0,1
870,451.367096,462.713725,11.346629,NaN,True,2.0,1
867,450.818857,462.72557,11.906713,NaN,True,2.0,1
875,454.349365,462.723943,8.374578,NaN,True,2.0,1
873,452.676278,462.725025,10.048747,NaN,True,2.0,1
865,450.643278,462.754288,12.11101,NaN,True,2.0,1
886,459.348166,467.473892,8.125726,NaN,True,2.0,1
885,457.980348,467.711705,9.731357,NaN,True,2.0,1
882,456.692209,467.707394,11.015185,NaN,True,2.0,1
884,457.855038,467.729536,9.874498,NaN,True,2.0,1
879,455.734958,467.724121,11.989163,NaN,True,2.0,1
881,456.248046,467.748268,11.500222,NaN,True,2.0,1
880,455.873357,467.745583,11.872226,NaN,True,2.0,1
889,461.214445,473.040789,11.826344,NaN,True,2.0,1
893,463.729669,473.058744,9.329075,NaN,True,2.0,1
888,460.780117,473.07234,12.292223,NaN,True,2.0,1
892,463.65453,473.070675,9.416145,NaN,True,2.0,1
896,465.169704,473.089892,7.920188,NaN,True,2.0,1
887,460.760389,473.090981,12.330592,NaN,True,2.0,1
890,462.096391,473.09258,10.996189,NaN,True,2.0,1
894,464.706975,473.104765,8.39779,NaN,True,2.0,1
897,465.267202,473.127235,7.860033,NaN,True,2.0,1
891,462.854916,473.176014,10.321098,NaN,True,2.0,1
907,470.20597,477.626848,7.420878,NaN,True,2.0,1
902,467.733347,477.687943,9.954596,NaN,True,2.0,1
906,469.343509,477.690055,8.346546,NaN,True,2.0,1
900,466.382467,477.692679,11.310212,NaN,True,2.0,1
898,465.324358,477.693765,12.369407,NaN,True,2.0,1
903,467.91983,477.695901,9.776071,NaN,True,2.0,1
904,468.713241,477.704881,8.99164,NaN,True,2.0,1
905,468.869161,477.70593,8.836769,NaN,True,2.0,1
901,467.397311,477.712812,10.315501,NaN,True,2.0,1
911,473.236445,483.040718,9.804273,NaN,True,2.0,1
913,473.76104,483.082359,9.321319,NaN,True,2.0,1
908,471.714259,483.195867,11.481608,NaN,True,2.0,1
915,474.217039,483.197426,8.980387,NaN,True,2.0,1
909,472.441895,483.19795,10.756055,NaN,True,2.0,1
916,474.632094,483.200956,8.568862,NaN,True,2.0,1
912,473.444393,483.206956,9.762563,NaN,True,2.0,1
914,474.174039,483.216957,9.042918,NaN,True,2.0,1
910,473.166278,483.218958,10.05268,NaN,True,2.0,1
925,477.671425,487.583862,9.912437,NaN,True,2.0,1
920,476.196603,487.614002,11.417399,NaN,True,2.0,1
919,475.949447,487.627796,11.678349,NaN,True,2.0,1
929,479.939043,487.620364,7.681321,NaN,True,2.0,1
922,477.036286,487.640434,10.604148,NaN,True,2.0,1
918,475.779308,487.621956,11.842648,NaN,True,2.0,1
921,476.689797,487.654747,10.96495,NaN,True,2.0,1
917,475.762728,487.67801,11.915282,NaN,True,2.0,1
927,479.633194,487.667291,8.034097,NaN,True,2.0,1
923,477.426427,487.690338,10.263911,NaN,True,2.0,1
926,478.669261,487.695678,9.026417,NaN,True,2.0,1
932,481.902191,492.453918,10.551727,NaN,True,2.0,1
931,481.255316,492.462024,11.206708,NaN,True,2.0,1
936,483.743447,492.474208,8.730761,NaN,True,2.0,1
935,483.35285,492.685418,9.332568,NaN,True,2.0,1
933,482.161731,492.699219,10.537488,NaN,True,2.0,1
937,483.802604,492.702411,8.899807,NaN,True,2.0,1
934,482.362496,492.704005,10.341509,NaN,True,2.0,1
938,484.951164,492.708279,7.757115,NaN,True,2.0,1
943,486.7013,497.461516,10.760216,NaN,True,2.0,1
941,486.315102,497.698085,11.382983,NaN,True,2.0,1
946,489.772195,497.710082,7.937887,NaN,True,2.0,1
947,489.962801,497.742086,7.779285,NaN,True,2.0,1
948,490.004394,497.75908,7.754686,NaN,True,2.0,1
942,486.341777,497.768078,11.426301,NaN,True,2.0,1
945,488.45661,497.770082,9.313472,NaN,True,2.0,1
944,488.213414,497.775079,9.561665,NaN,True,2.0,1
940,485.264277,497.77708,12.512803,NaN,True,2.0,1
952,492.106315,502.550941,10.444626,NaN,True,2.0,1
950,491.687791,502.656377,10.968586,NaN,True,2.0,1
953,492.306431,502.692703,10.386272,NaN,True,2.0,1
956,494.686051,502.700111,8.01406,NaN,True,2.0,1
955,493.327817,502.706521,9.378704,NaN,True,2.0,1
949,491.179313,502.709121,11.529808,NaN,True,2.0,1
954,492.825474,502.712179,9.886705,NaN,True,2.0,1
951,491.765505,502.71538,10.949875,NaN,True,2.0,1
964,497.972676,508.115701,10.143025,NaN,True,2.0,1
968,498.97736,508.121846,9.144486,NaN,True,2.0,1
961,497.070718,508.126448,11.05573,NaN,True,2.0,1
957,495.867143,508.159952,12.292809,NaN,True,2.0,1
966,498.086057,508.139008,10.052951,NaN,True,2.0,1
967,498.645227,508.147192,9.501965,NaN,True,2.0,1
963,497.435532,508.188881,10.753349,NaN,True,2.0,1
965,498.051817,508.18775,10.135933,NaN,True,2.0,1
960,496.913206,508.210496,11.29729,NaN,True,2.0,1
978,505.142019,512.467935,7.325916,NaN,True,2.0,1
975,504.028682,512.489789,8.461107,NaN,True,2.0,1
974,502.663873,512.513788,9.849915,NaN,True,2.0,1
977,504.719874,512.558253,7.838379,NaN,True,2.0,1
970,500.65933,512.589238,11.929908,NaN,True,2.0,1
973,502.326909,512.476745,10.149836,NaN,True,2.0,1
972,500.946573,512.746419,11.799846,NaN,True,2.0,1
971,500.678282,512.731313,12.053031,NaN,True,2.0,1
976,504.632482,512.76176,8.129278,NaN,True,2.0,1
982,506.270462,517.463139,11.192677,NaN,True,2.0,1
979,505.862476,517.444142,11.581666,NaN,True,2.0,1
983,507.393275,517.467137,10.073862,NaN,True,2.0,1
980,505.932066,517.697105,11.765039,NaN,True,2.0,1
988,509.682972,517.7721,8.089128,NaN,True,2.0,1
981,506.046016,517.774782,11.728766,NaN,True,2.0,1
985,508.186123,517.768936,9.582813,NaN,True,2.0,1
987,508.684358,517.787151,9.102793,NaN,True,2.0,1
1000,514.924968,522.684186,7.759218,NaN,True,2.0,1
989,511.275756,522.476245,11.200489,NaN,True,2.0,1
993,512.157553,522.6911,10.533547,NaN,True,2.0,1
997,514.164733,522.721817,8.557084,NaN,True,2.0,1
996,514.101193,522.755042,8.653849,NaN,True,2.0,1
992,511.800605,522.752042,10.951437,NaN,True,2.0,1
994,512.568374,522.748042,10.179668,NaN,True,2.0,1
1007,517.998441,527.433117,9.434676,NaN,True,2.0,1
1011,520.14754,527.434517,7.286977,NaN,True,2.0,1
1009,519.224423,527.479964,8.255541,NaN,True,2.0,1
1004,516.750135,527.667911,10.917776,NaN,True,2.0,1
1005,517.831312,527.684259,9.852947,NaN,True,2.0,1
1010,519.770962,527.688661,7.917699,NaN,True,2.0,1
1008,518.653028,527.692463,9.039435,NaN,True,2.0,1
1006,517.90228,527.693526,9.791246,NaN,True,2.0,1
1003,516.17831,527.712131,11.533821,NaN,True,2.0,1
1002,515.854999,527.714308,11.859309,NaN,True,2.0,1
1016,525.113995,532.462595,7.3486,NaN,True,2.0,1
1014,523.340159,532.478289,9.13813,NaN,True,2.0,1
1013,521.930484,532.629649,10.699165,NaN,True,2.0,1
1012,521.75759,532.659964,10.902374,NaN,True,2.0,1
1015,523.83923,532.675438,8.836208,NaN,True,2.0,1
1027,529.662323,537.463397,7.801074,NaN,True,2.0,1
1025,529.120003,537.462398,8.342395,NaN,True,2.0,1
1017,525.911525,537.467402,11.555877,NaN,True,2.0,1
1023,528.283825,537.629474,9.345649,NaN,True,2.0,1
1019,526.441536,537.473398,11.031862,NaN,True,2.0,1
1022,528.066069,537.635847,9.569778,NaN,True,2.0,1
1020,527.455519,537.637413,10.181894,NaN,True,2.0,1
1026,529.449032,537.650111,8.201079,NaN,True,2.0,1
1021,527.858629,537.675653,9.817024,NaN,True,2.0,1
1024,528.923004,537.676185,8.753181,NaN,True,2.0,1
1018,526.26575,537.677768,11.412018,NaN,True,2.0,1
1030,532.763672,543.186841,10.423169,NaN,True,2.0,1
1029,531.926372,543.188806,11.262434,NaN,True,2.0,1
1028,531.186703,543.198805,12.012102,NaN,True,2.0,1
1031,535.186261,543.20092,8.014659,NaN,True,2.0,1
1032,535.266408,543.205461,7.939053,NaN,True,2.0,1
1036,537.66349,547.476728,9.813238,NaN,True,2.0,1
1037,537.717579,547.618597,9.901018,NaN,True,2.0,1
1033,535.416448,547.629232,12.212784,NaN,True,2.0,1
1035,535.931443,547.630816,11.699373,NaN,True,2.0,1
1034,535.715185,547.632923,11.917738,NaN,True,2.0,1
1038,539.61901,547.662142,8.043132,NaN,True,2.0,1
1040,540.266792,547.681886,7.415094,NaN,True,2.0,1
1039,539.704415,547.703327,7.998912,NaN,True,2.0,1
1054,544.791318,552.448917,7.657599,NaN,True,2.0,1
1048,543.16414,552.462297,9.298157,NaN,True,2.0,1
1050,543.657499,552.630931,8.973432,NaN,True,2.0,1
1049,543.316103,552.642219,9.326116,NaN,True,2.0,1
1051,543.843531,552.649127,8.805596,NaN,True,2.0,1
1043,541.660802,552.638493,10.977691,NaN,True,2.0,1
1041,540.672948,552.665022,11.992074,NaN,True,2.0,1
1042,541.272336,552.676396,11.40406,NaN,True,2.0,1
1061,548.670634,557.468231,8.797597,NaN,True,2.0,1
1059,547.678693,557.608758,9.930065,NaN,True,2.0,1
1056,546.410997,557.479445,11.068448,NaN,True,2.0,1
1057,546.731681,557.606114,10.874433,NaN,True,2.0,1
1058,546.797435,557.624721,10.827286,NaN,True,2.0,1
1060,548.092421,557.615154,9.522733,NaN,True,2.0,1
1062,549.906202,557.666852,7.76065,NaN,True,2.0,1
1055,545.348914,557.664733,12.315819,NaN,True,2.0,1
1063,550.012953,557.685351,7.672398,NaN,True,2.0,1
1067,553.191637,562.653138,9.461501,NaN,True,2.0,1
1065,551.82492,562.681856,10.856936,NaN,True,2.0,1
1068,553.28317,562.67922,9.39605,NaN,True,2.0,1
1066,553.113197,562.707335,9.594138,NaN,True,2.0,1
1071,554.627656,562.714084,8.086428,NaN,True,2.0,1
1074,555.254001,562.721933,7.467932,NaN,True,2.0,1
1070,554.042562,562.727218,8.684656,NaN,True,2.0,1
1064,551.393961,562.730947,11.336986,NaN,True,2.0,1
1073,555.03378,562.732006,7.698226,NaN,True,2.0,1
1072,554.965205,562.747677,7.782472,NaN,True,2.0,1
1081,556.886144,567.468562,10.582418,NaN,True,2.0,1
1079,556.296742,567.530113,11.233371,NaN,True,2.0,1
1078,556.269132,567.552114,11.282982,NaN,True,2.0,1
1085,558.371581,567.582114,9.210533,NaN,True,2.0,1
1084,558.347825,567.592114,9.244289,NaN,True,2.0,1
1076,555.923213,567.647968,11.724755,NaN,True,2.0,1
1080,556.644435,567.661318,11.016883,NaN,True,2.0,1
1089,559.193615,567.6629,8.469285,NaN,True,2.0,1
1088,559.054195,567.669273,8.615078,NaN,True,2.0,1
1090,559.666544,567.678188,8.011644,NaN,True,2.0,1
1077,556.193795,567.663983,11.470188,NaN,True,2.0,1
1086,558.379263,567.709912,9.330649,NaN,True,2.0,1
1075,555.400181,567.708819,12.308638,NaN,True,2.0,1
1083,558.129789,567.734001,9.604212,NaN,True,2.0,1
1095,561.956205,572.448969,10.492764,NaN,True,2.0,1
1094,561.412072,572.4649,11.052828,NaN,True,2.0,1
1093,561.279565,572.472339,11.192774,NaN,True,2.0,1
1102,564.238002,572.451211,8.213209,NaN,True,2.0,1
1098,563.069383,572.475482,9.406099,NaN,True,2.0,1
1099,563.335734,572.65421,9.318476,NaN,True,2.0,1
1100,563.682377,572.655819,8.973442,NaN,True,2.0,1
1096,562.130244,572.662687,10.532443,NaN,True,2.0,1
1092,560.838947,572.665315,11.826368,NaN,True,2.0,1
1101,564.218748,572.671696,8.452948,NaN,True,2.0,1
1103,564.701929,572.670651,7.968722,NaN,True,2.0,1
1105,568.880866,577.465227,8.584361,NaN,True,2.0,1
1106,570.075019,577.472514,7.397495,NaN,True,2.0,1
1104,567.285638,577.686701,10.401063,NaN,True,2.0,1
1109,572.781823,582.46528,9.683457,NaN,True,2.0,1
1113,574.71147,582.628871,7.917401,NaN,True,2.0,1
1111,573.287793,582.64965,9.361857,NaN,True,2.0,1
1112,574.03861,582.65017,8.61156,NaN,True,2.0,1
1108,571.695559,582.652783,10.957224,NaN,True,2.0,1
1114,575.295777,582.653839,7.358062,NaN,True,2.0,1
1118,576.974419,587.447542,10.473123,NaN,True,2.0,1
1117,576.663561,587.480264,10.816703,NaN,True,2.0,1
1120,578.851577,587.640364,8.788787,NaN,True,2.0,1
1121,578.949519,587.641951,8.692432,NaN,True,2.0,1
1122,579.270182,587.647227,8.377045,NaN,True,2.0,1
1123,579.288398,587.670017,8.381619,NaN,True,2.0,1
1115,576.000679,587.68169,11.681011,NaN,True,2.0,1
1116,576.056042,587.691326,11.635284,NaN,True,2.0,1
1127,583.411333,592.70175,9.290417,NaN,True,2.0,1
1129,585.238863,592.705463,7.4666,NaN,True,2.0,1
1125,582.674187,592.718345,10.044158,NaN,True,2.0,1
1128,583.966386,592.72277,8.756384,NaN,True,2.0,1
1126,582.732816,592.713465,9.980649,NaN,True,2.0,1
1124,580.408489,592.742183,12.333694,NaN,True,2.0,1
1130,586.386532,597.688199,11.301667,NaN,True,2.0,1
1132,587.663669,597.69081,10.027141,NaN,True,2.0,1
1131,587.396793,597.692393,10.2956,NaN,True,2.0,1
1135,588.683335,597.696055,9.01272,NaN,True,2.0,1
1133,587.752326,597.697611,9.945285,NaN,True,2.0,1
1136,588.960691,597.69969,8.738999,NaN,True,2.0,1
1138,591.308887,602.750702,11.441815,NaN,True,2.0,1
1140,592.934738,602.762484,9.827746,NaN,True,2.0,1
1137,590.692797,602.765807,12.07301,NaN,True,2.0,1
1139,592.106461,602.784679,10.678218,NaN,True,2.0,1
1142,594.607068,602.798703,8.191635,NaN,True,2.0,1
1143,594.794377,602.783612,7.989235,NaN,True,2.0,1
1150,598.361013,608.092756,9.731743,NaN,True,2.0,1
1146,597.408522,608.095482,10.68696,NaN,True,2.0,1
1144,596.800469,608.089504,11.289035,NaN,True,2.0,1
1149,598.237958,608.105239,9.867281,NaN,True,2.0,1
1147,597.675421,608.110626,10.435205,NaN,True,2.0,1
1145,596.884024,608.121567,11.237543,NaN,True,2.0,1
1153,599.382667,608.118689,8.736022,NaN,True,2.0,1
1152,598.994129,608.117597,9.123468,NaN,True,2.0,1
1156,600.071382,608.124776,8.053394,NaN,True,2.0,1
1155,599.875077,608.139403,8.264326,NaN,True,2.0,1
1148,597.89374,608.150186,10.256446,NaN,True,2.0,1
1151,598.947418,608.153908,9.20649,NaN,True,2.0,1
1159,600.985086,612.442751,11.457665,NaN,True,2.0,1
1158,600.45236,612.446159,11.993799,NaN,True,2.0,1
