fn,exp,exp_plot,lambda,avg,avg_t_student,min,min_t_student,max,max_t_student,median,median_t_student,num_user,num_user_t_student,mean_error,mean_error_t_student
read,besu_clique_4,"besu
clique",0.5,7.62069684905323,0.0570926559644267,5.168743999999999,0.01985419835830559,10.1477782,0.0408326148954805,7.598447500000001,0.05817209957382272,6.670305830000001,0.18787445837132555,0.0,0.0
read,besu_clique_4,"besu
clique",1.0,8.087448657797685,0.23622886033118887,5.3492038,0.1293466052221665,11.4748248,0.5008643598282779,8.068659700000001,0.24014646030803227,13.647479834,0.8232058700019678,0.0,0.0
read,besu_clique_4,"besu
clique",2.0,7.913214460273073,0.03578050306899736,5.237886,0.025802941179432444,10.6782062,0.14642500717362875,7.9037182,0.06028872630163046,24.115160737999997,0.4399315747851014,0.0,0.0
upload,besu_clique_4,"besu
clique",0.5,12.716937065449738,0.03206207356156227,10.1898952,0.027178806385600763,15.2952224,0.005914027184436664,12.7850231,0.030102057701094476,11.495507352666667,0.210168284107167,0.0,0.0
upload,besu_clique_4,"besu
clique",1.0,12.776271318169785,0.033869015849980574,10.191461799999999,0.03214258971431974,15.4213852,0.01716259293475623,12.787231,0.03949637503712039,21.406010387333332,0.8640736060107994,0.0,0.0
upload,besu_clique_4,"besu
clique",2.0,13.130842556643291,0.03039322282356892,10.3214066,0.0695593438667428,17.608932799999998,1.320391694991433,13.068522999999999,0.037370441446063635,38.262334069999994,1.4077486598056619,3.613495006921467,3.019240113518265
delete,besu_clique_4,"besu
clique",0.5,7.661715685177768,0.04773116650715096,5.1281348,0.010847409524256535,10.1936142,0.02504092664997297,7.651762499999999,0.097708291427996,6.870247432000001,0.30837195879489493,0.0,0.0
delete,besu_clique_4,"besu
clique",1.0,7.746254271110141,0.09049778799229127,5.1698544,0.01704953924274308,10.4651984,0.22277809598721693,7.7537657,0.09973037853009643,13.009874962000001,0.501879186335051,0.0,0.0
delete,besu_clique_4,"besu
clique",2.0,7.858625411577225,0.051282914219967925,5.1844176,0.02079036028105983,10.519031799999999,0.049117542750320535,7.856546800000001,0.07028202825905124,22.59246497066667,0.3361244050813091,1.9681838443552455,0.7734663987034285
file_check_undeleted_file,besu_clique_4,"besu
clique",0.5,13.27498043876364,0.07273308747714681,10.4727082,0.0997629425975015,16.0705582,0.15827063190488336,13.2937999,0.11240064429131938,11.557297262666667,0.42456428469104757,0.0,0.0
file_check_undeleted_file,besu_clique_4,"besu
clique",1.0,13.472299342387469,0.4563614520582904,10.363654799999999,0.14311477539346187,19.1262744,2.5002418276376264,13.4303141,0.4472153313103046,21.761271862666668,1.1503253913355442,0.0,0.0
file_check_undeleted_file,besu_clique_4,"besu
clique",2.0,13.043432373561169,0.04716172839566889,10.2913152,0.012420965609032915,16.2028152,0.6771368194178675,13.036120000000002,0.0907165508744043,35.59729322466667,1.0947821123211352,1.504907306434024,2.2074892242868147
read_deny_lost_file_check,besu_clique_4,"besu
clique",0.5,7.709872651773253,0.05489292676700133,5.1842456,0.010571992157246305,10.2202312,0.03498357374265147,7.7669099,0.10689061058324942,6.629021474666667,0.11820348678786025,0.0,0.0
read_deny_lost_file_check,besu_clique_4,"besu
clique",1.0,7.821852375187204,0.056955983508832145,5.2251518,0.023979810404109,10.4587088,0.0389996705748162,7.7722667,0.09622809746513929,13.465452317333334,0.25078175306747946,0.0,0.0
read_deny_lost_file_check,besu_clique_4,"besu
clique",2.0,8.316483050745244,0.19590220465697625,5.473796200000001,0.1156449942374197,12.4951192,2.1977004149766284,8.3126441,0.17690712198101188,25.001716285999997,0.9825321680331369,0.0,0.0
read,besu_ibft_4,"besu
ibft",0.5,7.70987519588312,0.11803472955641155,5.1675316,0.050052212802615965,10.2088446,0.04262077392090768,7.7356146,0.14772055013910973,6.692797217999998,0.262258257647041,0.0,0.0
read,besu_ibft_4,"besu
ibft",1.0,7.730019411209453,0.04873229679456865,5.206729200000001,0.014520203043889093,10.349109799999999,0.03021267878155095,7.688558899999999,0.06332322695470799,12.987027190000001,0.21906798123267274,0.0,0.0
read,besu_ibft_4,"besu
ibft",2.0,7.8538429475124385,0.02790523271293008,5.2175358,0.00748487201154242,10.495391000000001,0.030890293900694647,7.8568026,0.01324180795048099,23.305769535333333,0.4062563628137867,0.0,0.0
upload,besu_ibft_4,"besu
ibft",0.5,12.742611362682485,0.019929126090032088,10.2388584,0.03229040830553526,15.288070999999999,0.04051408974532753,12.7834498,0.048050985402784824,11.375064543333334,0.15902358778421713,0.0,0.0
upload,besu_ibft_4,"besu
ibft",1.0,12.819145102769218,0.032457521269132115,10.259961399999998,0.023313599498754035,15.446079800000001,0.02829436741888049,12.793073099999999,0.08073656841144301,21.467751855333333,0.1277124259151552,0.0,0.0
upload,besu_ibft_4,"besu
ibft",2.0,12.95796516191255,0.020891393757546648,10.2967228,0.036503252506572444,15.6785314,0.031939985399872535,12.934199799999998,0.02169648143455982,36.02159161,0.7456084247323334,1.7709480098485855,1.3178276048605326
delete,besu_ibft_4,"besu
ibft",0.5,7.95584709950634,0.11789909450320804,5.409349000000001,0.11820904193051202,10.7262472,0.2622204787875988,7.834903300000001,0.1544206373305499,6.8195821033333335,0.22412566602490908,0.0,0.0
delete,besu_ibft_4,"besu
ibft",1.0,7.880267144071373,0.17544548330310147,5.2544574,0.09826000767242242,10.8056908,0.3014691254147789,7.830823700000001,0.1848234877076513,13.032448719333331,0.4202413646065748,0.4262877442273535,0.6253046933882183
delete,besu_ibft_4,"besu
ibft",2.0,7.83453301647847,0.047469904592728165,5.2258602,0.025414578921035855,10.6955466,0.28097825253155145,7.8144897,0.08575454436467544,24.010193027333337,0.5514818717490517,1.0583705602189863,0.6618420660239761
file_check_undeleted_file,besu_ibft_4,"besu
ibft",0.5,12.766432096680758,0.043762783943362506,10.225760200000002,0.026489345260385336,15.2589486,0.017770828515626152,12.798308700000002,0.07181805971129634,11.321919511333334,0.47850343200816137,0.0,0.0
file_check_undeleted_file,besu_ibft_4,"besu
ibft",1.0,12.92101020182182,0.049151033215967393,10.282794800000001,0.046425036473707756,15.5701428,0.0845371587727774,12.917598099999998,0.05681821586706979,22.250163721333337,0.7249446208874183,0.0,0.0
file_check_undeleted_file,besu_ibft_4,"besu
ibft",2.0,13.25463264883048,0.06495014048553012,10.3925026,0.07344609320898314,17.396590800000002,0.6115459473261259,13.2106283,0.09134344819249317,39.01982997666667,0.41131389678544,0.8675140427987171,1.198641314176131
read_deny_lost_file_check,besu_ibft_4,"besu
ibft",0.5,8.233390904788044,0.10408685529846869,5.3408872,0.04813121404360877,11.268576200000002,0.22822716058204026,8.2337513,0.13519810156231962,6.999341485333334,0.18642806344505025,0.0,0.0
read_deny_lost_file_check,besu_ibft_4,"besu
ibft",1.0,8.521256478408244,0.1262287417732858,5.580591999999999,0.03486030890907804,11.567223600000002,0.24552797364281478,8.5063537,0.20780988160273456,14.272379026,0.528047910261209,0.0,0.0
read_deny_lost_file_check,besu_ibft_4,"besu
ibft",2.0,8.51992964269247,0.2483716460220817,5.425744,0.05838802996374694,11.811986600000001,0.31569473660388375,8.5127309,0.24539132176704537,24.576761248666667,0.5592102409244761,0.0,0.0
read,besu_qbft_4,"besu
qbft",0.5,7.622563103368424,0.049986136098109174,5.217002,0.03168614023873516,10.218382600000002,0.025542813198736688,7.573944499999999,0.07959012530877724,6.720155424666667,0.3070130443926328,0.0,0.0
read,besu_qbft_4,"besu
qbft",1.0,7.796952706510853,0.01860813353443599,5.2218848,0.030412415771003867,10.332128200000001,0.020587886459768296,7.7470934,0.04955685949718566,13.118922049333332,0.14867081844222627,0.0,0.0
read,besu_qbft_4,"besu
qbft",2.0,7.956207963453818,0.039119417419995604,5.30537,0.028801223030106703,10.5337654,0.022201215130505415,7.953668899999999,0.06968991047224492,21.627365440666665,0.4025912349860455,0.0,0.0
upload,besu_qbft_4,"besu
qbft",0.5,12.763183784599786,0.040126990794049605,10.259068,0.02093211599715008,15.3194366,0.0397207126820246,12.7663703,0.048770317389058876,11.519545354666665,0.4842724291962214,0.0,0.0
upload,besu_qbft_4,"besu
qbft",1.0,12.93374152376462,0.04419152672106435,10.353832,0.026979695397669628,15.4712728,0.04146174110835339,12.9417877,0.09955807798763482,22.033253444666666,0.609902691884866,0.0,0.0
upload,besu_qbft_4,"besu
qbft",2.0,13.02141771701626,0.015673025496518205,10.374798000000002,0.05290613865066272,15.6830512,0.061596026392922165,13.0317017,0.021160733465987354,34.49735121799999,0.7458799355150494,2.7487077091753056,3.156915156303456
delete,besu_qbft_4,"besu
qbft",0.5,7.695856888882977,0.045526459497172725,5.1803334,0.04201714890912739,10.196515,0.010801953859183984,7.7192689,0.07284237204188679,6.545574637333333,0.15658260701305748,0.0,0.0
delete,besu_qbft_4,"besu
qbft",1.0,7.8352092290035715,0.05487574750437491,5.2494118,0.024388370720461218,10.329717200000001,0.016772501025065837,7.858259200000001,0.08119965610638355,12.827379089333334,0.35114145736421426,0.0,0.0
delete,besu_qbft_4,"besu
qbft",2.0,7.932579828206718,0.021898215085116392,5.3441882,0.02747328631407746,10.533340800000001,0.024988432387080674,7.9253641,0.04581710526645706,22.219341781999997,0.6412388356288248,2.5044326531055154,2.7246811581950157
file_check_undeleted_file,besu_qbft_4,"besu
qbft",0.5,12.670512050476365,0.09648088673337525,10.184759600000001,0.031585958339973415,15.209637999999998,0.025301847133210948,12.656740399999999,0.1476103449619984,10.811076845333332,0.14454071083049708,0.0,0.0
file_check_undeleted_file,besu_qbft_4,"besu
qbft",1.0,12.873901722684622,0.08252941959221327,10.2084486,0.012479994261283638,15.440706599999999,0.03717696675629141,12.941954999999998,0.11277738503094951,21.500674210666666,0.6095381401482978,0.0,0.0
file_check_undeleted_file,besu_qbft_4,"besu
qbft",2.0,13.003157809340177,0.01424273606586387,10.2577094,0.027856098955078974,15.837294400000001,0.12898834196679917,12.992653,0.01941583352468317,36.330091122,0.8467692715393911,6.874656073516272,1.174385148826585
read_deny_lost_file_check,besu_qbft_4,"besu
qbft",0.5,7.813090169413234,0.06383371549611219,5.2576252,0.022276049574668843,10.304086000000002,0.031511559592088595,7.8452018,0.10102799585088812,6.983904148000001,0.06153050407147722,0.0,0.0
read_deny_lost_file_check,besu_qbft_4,"besu
qbft",1.0,7.910501954309941,0.07789189092705562,5.324859000000001,0.05549090199282979,10.546268600000001,0.11206704860973832,7.9041781,0.09434865885586091,13.35767189533333,0.4518896523972991,0.0,0.0
read_deny_lost_file_check,besu_qbft_4,"besu
qbft",2.0,8.481043164063554,0.22876126440557676,5.640251000000001,0.09419156771827017,11.395381599999999,0.40797537625351626,8.478428,0.24247217005968644,23.870892151333333,0.5869407755077634,2.93761917758805,0.019904725953557745
read,go-quorum_ibft_4,"go-quorum
ibft",0.5,9.68033698163686,0.06071038377798163,7.148742399999999,0.022704158680797344,12.6750812,0.10176723225511948,9.630847800000002,0.10235100426944294,8.479733367333333,0.2404756753177466,0.0,0.0
read,go-quorum_ibft_4,"go-quorum
ibft",1.0,9.794526981946584,0.015878643740557873,7.1495936,0.02607027521295202,12.6909122,0.07478740662017794,9.831892200000002,0.047022755086122324,16.742239511333334,0.4160147891162492,0.0,0.0
read,go-quorum_ibft_4,"go-quorum
ibft",2.0,9.948226288613698,0.06729257888342033,7.176580799999999,0.042050701644439706,13.275849399999998,0.5688118484291874,9.876947,0.0715247413502469,30.027808916666665,0.5880645962546839,0.0,0.0
upload,go-quorum_ibft_4,"go-quorum
ibft",0.5,14.790147854719951,0.07255560163049318,12.138868400000002,0.036091961127349546,17.7138974,0.06632139198992518,14.7821106,0.11362771514831613,13.67621079933333,0.7243015970393583,0.0,0.0
upload,go-quorum_ibft_4,"go-quorum
ibft",1.0,14.736034507817331,0.022243135480179345,12.1413586,0.036374192912486426,17.7894882,0.025506568807499744,14.6986758,0.031127663421494315,24.423143960666668,0.9695429423325395,4.504999278950151,3.9960460530532464
upload,go-quorum_ibft_4,"go-quorum
ibft",2.0,16.221513460487692,0.46458555413564884,12.332145,0.045409342713995555,26.963925999999997,2.9128283712876004,15.870743999999998,0.32777112339133596,45.17834596733333,2.35856968097423,2.1361864568458913,2.0730492664889395
delete,go-quorum_ibft_4,"go-quorum
ibft",0.5,9.820129009445685,0.16007853055972343,7.222401,0.06311879442533858,12.525196,0.24647013934688483,9.821096299999999,0.2124517219378047,8.362257151333333,0.51077038292949,1.4906661671973527,1.7187874693241967
delete,go-quorum_ibft_4,"go-quorum
ibft",1.0,9.752426203906719,0.031744412025660536,7.1556534,0.009230521227497259,12.8158422,0.08070996729956885,9.762274600000001,0.03897224190291765,16.564886351333335,0.4787244871285414,0.0,0.0
delete,go-quorum_ibft_4,"go-quorum
ibft",2.0,9.945973034631422,0.060026291886163013,7.2003664,0.015068331499272978,12.9262494,0.04636152519045951,9.9330334,0.07466660538681573,30.307368252666663,0.5250107806120217,0.6205407800622157,0.8741438769888465
file_check_undeleted_file,go-quorum_ibft_4,"go-quorum
ibft",0.5,14.779134635705244,0.07598051008321316,12.180559000000002,0.027340192565565125,17.6081882,0.16297951775700212,14.858124900000002,0.1057599309998699,13.373308144666666,0.5968471823432439,0.0,0.0
file_check_undeleted_file,go-quorum_ibft_4,"go-quorum
ibft",1.0,14.84616032124747,0.04359408989624667,12.1439658,0.0295106540789938,17.8500048,0.04484895506285473,14.8582811,0.06278900611770916,24.793746121333335,0.3732168060032801,0.0,0.0
file_check_undeleted_file,go-quorum_ibft_4,"go-quorum
ibft",2.0,15.819704305952579,0.5458898426874468,12.2685038,0.04008489865420722,25.334588599999996,3.951223119103447,15.671224900000002,0.3764904930447839,45.251174539333334,1.7883961068985805,4.5928224063645455,1.7208456479286884
read_deny_lost_file_check,go-quorum_ibft_4,"go-quorum
ibft",0.5,9.734188598849908,0.05179217133919594,7.155408199999999,0.018699719710444783,12.4670396,0.10838197599517388,9.7130921,0.1305704665920379,8.662096109333334,0.19955476287427376,0.0,0.0
read_deny_lost_file_check,go-quorum_ibft_4,"go-quorum
ibft",1.0,9.782652731189081,0.07215782461462485,7.148812599999999,0.026195198990033097,12.786998,0.07042419951625031,9.772569,0.12620728327571512,16.937445807333336,0.3838637621772869,0.0,0.0
read_deny_lost_file_check,go-quorum_ibft_4,"go-quorum
ibft",2.0,10.066395651538734,0.2150230857976299,7.229762200000001,0.07566225173147206,14.640930599999999,1.6280481418090076,10.0723811,0.19176472953813656,29.291770918666664,0.7318500789423308,0.3897435897435898,0.5716995132627154
read,go-quorum_qbft_4,"go-quorum
qbft",0.5,9.734443334648594,0.060067593114211684,7.1386844,0.009071385137291247,12.684333200000001,0.060129263260391815,9.694395499999999,0.07686289327656064,8.469177597333333,0.33731083062517514,0.0,0.0
read,go-quorum_qbft_4,"go-quorum
qbft",1.0,9.89637736956346,0.047740174527177014,7.166120000000001,0.026507196160076896,12.802277799999999,0.031513921770116915,9.921139700000001,0.09215494917772583,17.432956839333333,0.5949379065959476,0.0,0.0
read,go-quorum_qbft_4,"go-quorum
qbft",2.0,9.737236566819808,0.03306276983348855,7.1666628,0.01844320316766313,12.700299399999999,0.11281254412923235,9.7242538,0.06792331579029827,29.74601316,0.7284138686189361,1.5447524359594826,1.0562998445817078
upload,go-quorum_qbft_4,"go-quorum
qbft",0.5,14.87411502153213,0.032432670316535746,12.1484962,0.027760057996574293,17.6684378,0.11109321435325824,14.916769400000002,0.0435136518427215,13.425817757333334,0.20927493461662233,0.0,0.0
upload,go-quorum_qbft_4,"go-quorum
qbft",1.0,16.009247367604786,0.6866882799075646,12.2392282,0.15629997409292978,24.4307324,4.070248083067678,15.644231600000001,0.47095159153059174,26.517302110000003,1.6675728239043328,0.5714285714285714,0.8382060532799211
upload,go-quorum_qbft_4,"go-quorum
qbft",2.0,16.03257322641429,0.3566863891729911,12.400653799999999,0.05765274862889563,26.3490956,2.498039020247178,15.8787691,0.2938490217462724,45.56812760933333,2.16923305426507,3.6079374499225936,2.813703734652951
delete,go-quorum_qbft_4,"go-quorum
qbft",0.5,9.752414864787813,0.035087238175189925,7.1482963999999996,0.0325163767673831,12.722983600000001,0.06866665876260032,9.7578295,0.05928110444278659,9.126893904000003,0.3464916789215142,0.0,0.0
delete,go-quorum_qbft_4,"go-quorum
qbft",1.0,9.788958837194077,0.038743188276535376,7.139087600000001,0.01786193978849137,12.7694042,0.03244324930159758,9.770519,0.04250591999347259,17.1370079,0.5425169560244206,0.0,0.0
delete,go-quorum_qbft_4,"go-quorum
qbft",2.0,9.930089439106922,0.03916169787911541,7.1668166,0.031147822082854614,12.8980936,0.055892126639670234,9.903672699999998,0.04803768997389348,30.776609658,0.4320539450310204,3.533704232474551,3.0295797340279984
file_check_undeleted_file,go-quorum_qbft_4,"go-quorum
qbft",0.5,14.847000687879,0.03881384976488859,12.1796574,0.01620176816096273,17.7390526,0.04730744404706975,14.8748129,0.030570039402816294,13.06571025,0.19487885861545928,0.0,0.0
file_check_undeleted_file,go-quorum_qbft_4,"go-quorum
qbft",1.0,14.835977307923892,0.11403844602061397,12.131381600000001,0.08416112643947418,17.778977200000003,0.02881022370020102,14.8385684,0.10798454775190343,20.27531053266667,7.027698712876667,0.0,0.0
file_check_undeleted_file,go-quorum_qbft_4,"go-quorum
qbft",2.0,15.124046911940109,0.0660324533681873,12.245554,0.04413412775219272,19.4561172,0.43700216163203004,15.057557399999999,0.05908030016057843,40.444776894666674,1.8434110364854062,8.289647613708693,3.4953581612106652
read_deny_lost_file_check,go-quorum_qbft_4,"go-quorum
qbft",0.5,9.725775318347385,0.05158329339963465,7.1270184,0.03357613901037612,12.753184,0.05230187436158506,9.6670469,0.10119662760106335,8.603370970666667,0.27492186528569,0.0,0.0
read_deny_lost_file_check,go-quorum_qbft_4,"go-quorum
qbft",1.0,9.822338994131293,0.0207603198208363,7.124568999999999,0.01222760062276421,12.8132442,0.034403348612312895,9.845032499999999,0.020270399296763855,17.010588881999997,0.46020132131174335,0.0,0.0
read_deny_lost_file_check,go-quorum_qbft_4,"go-quorum
qbft",2.0,9.921567885392365,0.027913869289019292,7.150885000000001,0.024326380857335277,12.8278176,0.04082687107050734,9.924818,0.0385879789870916,30.385831170666666,0.2800848995223763,0.7027540360873694,1.030842202276826
read,go-quorum_raft_4,"go-quorum
raft",0.5,0.5019854869434802,0.006351673867966135,0.3634236,0.002548005573258582,0.8881078,0.06879488535627688,0.46842290000000003,0.018744047543030107,0.45540246399999995,0.026190720464529377,0.0,0.0
read,go-quorum_raft_4,"go-quorum
raft",1.0,0.5509220330205034,0.006316973378615557,0.36348119999999995,0.0014041483014735992,0.8657960000000001,0.029470947006422426,0.5332150999999999,0.006355675197204845,1.0130183493333333,0.022550498938801254,0.0,0.0
read,go-quorum_raft_4,"go-quorum
raft",2.0,0.6151490105235828,0.004386874339822277,0.36425240000000003,0.014583080676190094,1.1155237999999998,0.043751258802674595,0.6214584,0.004438353778744171,2.1734017133333334,0.07618385171389291,0.0,0.0
upload,go-quorum_raft_4,"go-quorum
raft",0.5,0.8121307001260367,0.01288076731403013,0.5493421999999999,0.006589388723590323,1.2369162,0.07244638301121857,0.8201166000000001,0.010155441267073184,0.6919416133333334,0.034968875020891334,0.0,0.0
upload,go-quorum_raft_4,"go-quorum
raft",1.0,0.8800086609064894,0.00698018762235829,0.565069,0.005483231712823387,1.3700658000000001,0.1356556997859731,0.8760672000000002,0.005737180075159161,1.6381431146666667,0.06874624079464794,0.0,0.0
upload,go-quorum_raft_4,"go-quorum
raft",2.0,1.0932603021690142,0.19604533649465175,0.5937468000000001,0.0050885481804997254,2.9512769999999997,1.733929266352624,0.9584509000000001,0.0202766664723627,4.069836281333333,0.8258622737408322,0.0,0.0
delete,go-quorum_raft_4,"go-quorum
raft",0.5,0.5029758590738304,0.0058331621207462735,0.36403179999999996,0.0036412520032213067,0.8181953999999999,0.01877650318668086,0.4660564,0.017027596097628724,0.4680483166666666,0.02977764006499115,0.0,0.0
delete,go-quorum_raft_4,"go-quorum
raft",1.0,0.552342491715053,0.003327532841292407,0.3554982,0.003916099744828158,0.9180688,0.04017383646188432,0.536973,0.003866039806896979,0.9914076746666668,0.028766628737513032,0.0,0.0
delete,go-quorum_raft_4,"go-quorum
raft",2.0,0.610045983141514,0.0026405625863161596,0.34739960000000003,0.02571373491781567,1.1113270000000002,0.036653651669682694,0.6176382,0.002996062075840759,2.2083656159999996,0.022496443929967337,0.0,0.0
file_check_undeleted_file,go-quorum_raft_4,"go-quorum
raft",0.5,0.8278146588395028,0.004806442689394382,0.5626372,0.010824408763772499,1.2938816,0.06735901367165914,0.8283294,0.003923210203393734,0.7528422826666668,0.02656226672447004,0.0,0.0
file_check_undeleted_file,go-quorum_raft_4,"go-quorum
raft",1.0,0.9222546973732115,0.01616278371677709,0.5812113999999999,0.008620765097573029,1.749539,0.13533549553375654,0.9100567999999999,0.012549680763992816,1.7634646393333333,0.06538393283101528,0.0,0.0
file_check_undeleted_file,go-quorum_raft_4,"go-quorum
raft",2.0,1.350319959856151,0.16790481342096086,0.6161632000000001,0.012213090261502328,6.530558400000001,3.058758332256418,1.0540498,0.028232668037387658,4.831955110666667,0.5766230492074669,0.0,0.0
read_deny_lost_file_check,go-quorum_raft_4,"go-quorum
raft",0.5,0.8215089111259413,0.007569377290114068,0.6661007999999999,0.0015808292301103153,1.2715743999999998,0.10317527580781968,0.7717267,0.01266282358893666,0.7123972873333333,0.011578869873555855,0.0,0.0
read_deny_lost_file_check,go-quorum_raft_4,"go-quorum
raft",1.0,0.8519548788973308,0.007858050836563922,0.5896854,0.015471430832470413,1.1834676,0.016602507045905948,0.8684596000000001,0.007610508994881015,1.5902385673333332,0.02420787764820239,0.0,0.0
read_deny_lost_file_check,go-quorum_raft_4,"go-quorum
raft",2.0,0.866204854603766,0.0621540824764302,0.43275879999999994,0.03628450481342738,5.1938616,1.0659934520420742,0.7562279000000001,0.05858432380884714,3.1457936406666667,0.29491580104802245,0.0,0.0
read,polygon_ibft_4,"polygon
ibft",0.5,1.6628779600222359,0.015637939594985367,1.1007425999999998,0.005074766405445359,2.2294828,0.010329402667411251,1.6658438999999998,0.02797976642924461,1.5577069259999998,0.0560742702032314,0.0,0.0
read,polygon_ibft_4,"polygon
ibft",1.0,2.056952028846302,0.03576628368476362,1.3277254,0.024457283256846277,4.1273684,0.726787194849415,2.0221055999999997,0.00536008271628536,3.762591883333333,0.0829588985685872,0.0,0.0
read,polygon_ibft_4,"polygon
ibft",2.0,2.2931760637480822,0.6480539081457444,1.1376624,0.08098970923596661,6.4460222,3.780604903425564,1.9345744,0.3493332432142019,7.951145737999999,2.1964393128355795,0.0,0.0
upload,polygon_ibft_4,"polygon
ibft",0.5,2.8069212427796613,0.11912874739985506,2.1964894,0.07939609660823031,3.5905698,0.3007334307004172,2.8005483,0.12675487618557793,2.6332586859999996,0.15651968452091872,0.0,0.0
upload,polygon_ibft_4,"polygon
ibft",1.0,3.1839104990516285,0.32565187667411966,2.2396794,0.12426758969346569,6.2738778,1.8246991818637641,3.0392782,0.2302814708303061,5.824966952,0.6783453577207417,0.0,0.0
upload,polygon_ibft_4,"polygon
ibft",2.0,2.7162292621968964,0.00972733300562232,2.1169265999999998,0.01311627301015828,3.3353694000000003,0.019309106571953328,2.7189199000000004,0.012165224478934145,9.343508345333333,0.10133602774482108,0.0,0.0
delete,polygon_ibft_4,"polygon
ibft",0.5,1.6678046601183545,0.006725587662348282,1.1018898,0.012729382365889209,2.2214394000000004,0.011532426700809732,1.6694768,0.0145956419423318,1.5123089459999999,0.07747757254699854,0.0,0.0
delete,polygon_ibft_4,"polygon
ibft",1.0,2.0579174069846022,0.025623446847822116,1.3580076,0.019770749090223076,3.5229846,0.22808484445138638,2.0536085999999996,0.02454721472603874,3.8049757939999993,0.04786159954233677,0.0,0.0
delete,polygon_ibft_4,"polygon
ibft",2.0,1.6672921959519162,0.007164456524558164,1.0862682,0.007432521997198212,2.3492846,0.097925067594565,1.6660244,0.013559683855004157,6.079574058,0.25179122683025046,0.0,0.0
file_check_undeleted_file,polygon_ibft_4,"polygon
ibft",0.5,2.7022241155662767,0.012937468017301602,2.1339648,0.019909265871647635,3.2483338,0.017188459845642608,2.7218551,0.024909112152755278,2.515361063333333,0.13049773743453075,0.0,0.0
file_check_undeleted_file,polygon_ibft_4,"polygon
ibft",1.0,2.700623669441466,0.004832286726989847,2.1126742,0.010029502824552117,3.3171703999999997,0.08488561285921292,2.7035052,0.010810309163424526,4.724178048666667,0.060774009150540896,0.0,0.0
file_check_undeleted_file,polygon_ibft_4,"polygon
ibft",2.0,2.712146022531979,0.009532039305310408,2.1146654,0.009201282419173392,3.3745249999999998,0.059996069619616364,2.7091398,0.014236242422920061,9.569823888,0.459974922440075,0.0,0.0
read_deny_lost_file_check,polygon_ibft_4,"polygon
ibft",0.5,1.684304922641188,0.005706546670592998,1.1343908000000003,0.006817320123177096,2.2494378000000004,0.019653459232865482,1.6958186999999998,0.016899625634707635,1.4854342833333334,0.05048622025212176,0.0,0.0
read_deny_lost_file_check,polygon_ibft_4,"polygon
ibft",1.0,2.275503304811718,0.06114842174760573,1.3375976,0.02694309142489622,4.562776399999999,0.25173483532466373,2.1639367999999997,0.05532850272960427,4.139610133333333,0.04839813199163543,0.0,0.0
read_deny_lost_file_check,polygon_ibft_4,"polygon
ibft",2.0,1.6948809929753623,0.012582403505244737,1.1099058000000002,0.010896198678655001,2.3164628,0.023243337750151288,1.6905923999999999,0.015271982647447899,6.083663218,0.03485608082897646,0.0,0.0
read,polygon_pos_4,"polygon
pos",0.5,1.66418059445327,0.015599152428686697,1.115955,0.007141855083290355,2.2350801999999996,0.00980079635200584,1.6559179999999998,0.0271393144062775,1.5681895393333334,0.04648991933129105,0.0,0.0
read,polygon_pos_4,"polygon
pos",1.0,1.672692397674318,0.00837341612481405,1.0953562,0.007894990924875016,2.236499,0.0122705548497049,1.6707459,0.018392995305797386,2.985104419333333,0.08090455842419356,0.0,0.0
read,polygon_pos_4,"polygon
pos",2.0,1.6808714559466515,0.006082989584536732,1.1021888,0.012800509050854648,2.2564278,0.006353507427262154,1.6926650000000003,0.011240576012360906,5.768106634,0.13894947077577732,0.0,0.0
upload,polygon_pos_4,"polygon
pos",0.5,2.687383464136802,0.008332701230523857,2.1208856000000003,0.014047674796306928,3.233222,0.01392861797483501,2.6773195999999997,0.009882337257785789,2.5405679106666663,0.0615251300327123,0.0,0.0
upload,polygon_pos_4,"polygon
pos",1.0,2.695334018297311,0.0025956277975578905,2.1159036,0.010774240045017605,3.2680009999999995,0.011392444336491706,2.6863922000000002,0.008566913313133273,4.713209764666667,0.12570963993396347,0.0,0.0
upload,polygon_pos_4,"polygon
pos",2.0,2.7111142297409083,0.0037846135249711478,2.117547,0.00844693191441243,3.3327598000000003,0.027743551671938003,2.7111425,0.008281967112251494,9.580671912666668,0.3509851502930936,0.0,0.0
delete,polygon_pos_4,"polygon
pos",0.5,1.6873771886309537,0.009684034994332014,1.1109578,0.010100405641947814,2.2202604,0.006389435110306066,1.6997737000000002,0.014411167119733281,1.5410964593333332,0.06720517038219061,0.0,0.0
delete,polygon_pos_4,"polygon
pos",1.0,1.658942567190295,0.006066619729771417,1.0944866,0.013474912803183144,2.2404136,0.013804249076705452,1.6447673999999999,0.006059213887584828,3.0529847906666667,0.08903593682211275,0.0,0.0
delete,polygon_pos_4,"polygon
pos",2.0,1.6742836580118374,0.008967271931327892,1.0951794000000001,0.007949119114935767,2.2680534000000003,0.004025716484270223,1.6768407,0.013055053304436699,5.908191740666666,0.19706275562105302,0.0,0.0
file_check_undeleted_file,polygon_pos_4,"polygon
pos",0.5,2.6927439233480968,0.006788486211996696,2.1475236000000004,0.012044175762211883,3.2439224,0.014335373436578334,2.6926409,0.008260806375082492,2.4112061086666663,0.11852893769313123,0.0,0.0
file_check_undeleted_file,polygon_pos_4,"polygon
pos",1.0,2.693274681368871,0.0122483401807382,2.1374808,0.01106508743699772,3.2701165999999993,0.020480049480160894,2.6878902000000005,0.015322250633556531,4.919984146,0.08585171425197893,0.0,0.0
file_check_undeleted_file,polygon_pos_4,"polygon
pos",2.0,2.7193021073356585,0.006029634464047472,2.1285522,0.008079285565566426,3.394744,0.06229273548205535,2.7158322,0.010421501911072302,9.585559332,0.43814838612696483,0.0,0.0
read_deny_lost_file_check,polygon_pos_4,"polygon
pos",0.5,1.6724187041499625,0.01323187852960615,1.1129888000000001,0.01369620235193692,2.2256358,0.013644813848531395,1.6525670000000001,0.024639493506161177,1.568779454,0.057402726950769645,0.0,0.0
read_deny_lost_file_check,polygon_pos_4,"polygon
pos",1.0,1.6831895025544412,0.009409793019822574,1.0965864,0.012483858619972825,2.245925,0.00996789109623981,1.6805948999999998,0.01790772290872373,3.0243044086666666,0.06585836008737493,0.0,0.0
read_deny_lost_file_check,polygon_pos_4,"polygon
pos",2.0,1.7079236901574224,0.017462200773512286,1.1207934,0.016064955717911115,2.3013436,0.021574949931850777,1.7085046000000002,0.019858525409677228,5.945273837333334,0.14478353555143025,0.0,0.0
